question,optionA,optionB,optionC,optionD,correct,explanation
Mt ghi gia phải của CGS để liên kết CGS với ai?,Đavít và Abraham.,Đavít và Mosê,Mô Sê và Abraham,Ađam và Abraham,A,Đáp án đúng theo tài liệu Tin Mừng Mát-thêu.
"Cha của ông Giacóp là ai? (Mt 1,15)",Ông Isaac,Ông Mátthan.,Ông Noê,Ông Giuđa,B,Đáp án đúng theo tài liệu Tin Mừng Mát-thêu.
"Ông Giuse là con của ai? (Mt 1,16)",Ông Israen,Ông Abraham,Ông Giacóp.,Ông Mathia,C,Đáp án đúng theo tài liệu Tin Mừng Mát-thêu.
"Chồng bà Maria là ai? (Mt 1,16)",Ông Giuse.,Ông Phao-lô,Ông Phêrô,Ông Giuda,A,Đáp án đúng theo tài liệu Tin Mừng Mát-thêu.
"Mẹ của Đức Giêsu là ai? (Mt 1,16)",Bà Maria.,Bà Anna,Bà Matta,Bà Shara.,A,Đáp án đúng theo tài liệu Tin Mừng Mát-thêu.
"Hôn thê của ông Giuse là ai? (Mt 1,18)",Bà Maria Magdala,Bà Maria.,Bà Anna,Bà Salome,B,Đáp án đúng theo tài liệu Tin Mừng Mát-thêu.
"Bà Maria có thai do quyền năng của ai? (Mt 1,18)",Thiên Chúa Cha,Chúa Thánh Thần.,Chúa Giêsu,Thiên Thần Gabriel,B,Đáp án đúng theo tài liệu Tin Mừng Mát-thêu.
"Ông Giuse, chồng bà, là người thế nào và không muốn tố giác bà, nên mới định tâm bỏ bà cách kín đáo? (Mt 1,19)",Người khôn ngoan,Người thánh thiện,Người tử tế.,Người công chính.,D,Đáp án đúng theo tài liệu Tin Mừng Mát-thêu.
"Ông Giuse, con cháu vua nào? (Mt 1,20)",Vua Saul.,Vua Đavít.,Vua Pharaô.,Vua Hêrôdê.,B,Đáp án đúng theo tài liệu Tin Mừng Mát-thêu.
"Sứ thần bảo ông Giuse phải đặt tên cho con trẻ là gì? (Mt 1,21)",Giêsu.,Emmanuel.,Đấng Cứu Thế.,Đấng Cứu Độ.,A,Đáp án đúng theo tài liệu Tin Mừng Mát-thêu.
"Chúa Giêsu ra đời tại đâu? (Mt 2,1)",Làng Nazareth.,Tại Galilê.,Tại Bêlem.,Giêrusalem.,C,Đáp án đúng theo tài liệu Tin Mừng Mát-thêu.
"Bêlem thuộc miền nào? (Mt 2,1)",Miền Samari.,Miền Giuđê.,Miền Tia và Sidôn,Miền thập tỉnh.,B,Đáp án đúng theo tài liệu Tin Mừng Mát-thêu.
"Chúa Giêsu sinh ra thời ai làm vua nước Do thái? (Mt 2,1)",Vua Hêrôđê.,Vua Đavít,Vua Philip.,Vua Antipa.,A,Đáp án đúng theo tài liệu Tin Mừng Mát-thêu.
"“Đức Vua dân Do-thái mới sinh, hiện ở đâu? Chúng tôi đã thấy vì sao của Người xuất hiện bên phương Đông, nên chúng tôi đến bái lạy Người.” Đây là lời của ai? (Mt 2,2)",Các nhà chiêm tinh.,Những người chăn chiên.,Các thiên thần.,Các kinh sư.,A,Đáp án đúng theo tài liệu Tin Mừng Mát-thêu.
"Khi nghe các nhà chiêm tinh hỏi “Đức Vua dân Do-thái mới sinh, hiện ở đâu?” thái độ của vua Hêrôđê thế nào? (Mt 2,3)",Căm thù.,Bối rối.,Tức giận.,Lo lắng.,B,Đáp án đúng theo tài liệu Tin Mừng Mát-thêu.
"Khi nghe các nhà chiêm tinh hỏi “Đức Vua dân Do-thái mới sinh, hiện ở đâu?” cả thành Giêrusalem thế nào? (Mt 2,3)",Xôn xao.,Hoảng sợ.,Vui mừng.,Ngạc nhiên.,A,Đáp án đúng theo tài liệu Tin Mừng Mát-thêu.
"Khi nghe các nhà chiêm tinh hỏi “Đức Vua dân Do-thái mới sinh, hiện ở đâu?” vua Hêrôđê triệu tập những ai để hỏi cho biết Đấng Kitô phải sinh ra ở đâu? (Mt 2,4)",Các mục đồng và hiền sĩ.,Các thượng tế và kinh sư.,Các môn đệ Chúa Giêsu.,Dân chúng.,B,Đáp án đúng theo tài liệu Tin Mừng Mát-thêu.
"Khi thấy Hài Nhi với thân mẫu là bà Maria, các nhà chiêm tinh có hành động gì? (Mt 2,11)",Liền sấp mình thờ lạy Người.,Chào hỏi và dâng lễ vật.,Đến xem chỗ người ở.,Ngợi khen Thiên Chúa.,A,Đáp án đúng theo tài liệu Tin Mừng Mát-thêu.
"Những quà tặng của các nhà chiêm tinh là gì? (Mt 2,11)","Vàng, nhũ hương và một dược.",Chim bồ câu làm lễ vật.,Bánh và rượu.,Không có lễ vật gì.,A,Đáp án đúng theo tài liệu Tin Mừng Mát-thêu.
"Ai đã đem Hài Nhi và mẹ Người trốn sang Ai-cập? (Mt 2,13)",Thiên Thần Chúa.,Ông Giuse.,Vua Hêrôđê,Các mục đồng.,B,Đáp án đúng theo tài liệu Tin Mừng Mát-thêu.
"Ông Giuse đã đem Hài Nhi và mẹ Người trốn ở đâu? (Mt 2,13)",Miền thập tỉnh.,Ai cập.,Rôma.,Bên kia sông Giođan.,B,Đáp án đúng theo tài liệu Tin Mừng Mát-thêu.
"Ai đã ra tay sát hại các hài nhi tại Bêlem? (Mt 2,16)",Vua Hêrôđê.,Tổng trấn Philatô,Vua Pharao.,Vua  Antipa.,A,Đáp án đúng theo tài liệu Tin Mừng Mát-thêu.
"“Ở Rama, vẳng nghe tiếng khóc than rền rĩ: tiếng bà Rakhen khóc thương con mình và không chịu để cho người ta an ủi, vì chúng không còn nữa”. Đây là lời của ngôn sứ nào? (Mt 2,18)",Ngôn sứ Isaia.,Ngôn sứ Giêrêmia.,Ngôn sứ Malaki.,Ngôn sứ Đaniel.,B,Đáp án đúng theo tài liệu Tin Mừng Mát-thêu.
"Khi nghe ai lên làm vua cai trị miền Giuđê nên thánh Giuse không dám về đó? (Mt 2,22)",Vua Philip,Vua Hêrôđê Cả,Vua Antipa.,Vua Áckhêlao.,D,Đáp án đúng theo tài liệu Tin Mừng Mát-thêu.
"Từ Ai cập về, gia đình thánh gia cư ngụ tại thành nào? (Mt 2,23)",Thành Caphanaum.,Thành Nazaréth.,Thành Samari.,Thành Giêrusalem.,B,Đáp án đúng theo tài liệu Tin Mừng Mát-thêu.
"Ông Gioan Tẩy Giả rao giảng trong hoang địa miền nào? (Mt 3,1)",Miền Giuđê.,Miền Thập Tỉnh.,Miền Galilê,Miền Samari.,A,Đáp án đúng theo tài liệu Tin Mừng Mát-thêu.
"Trong hoang địa ai đã nói: “Anh em hãy sám hối, vì Nước Trời đã đến gần.”? (Mt 3,2)",Ông Gioan Tẩy Giả.,Ông Phêrô.,Ông Phaolô.,Ông Giuse.,A,Đáp án đúng theo tài liệu Tin Mừng Mát-thêu.
"Ông Gioan Tẩy Giả là người được ngôn sứ nào nói tới? (Mt 3,3)",Ngôn sứ Amos.,Ngôn sứ Giôna.,Ngôn sứ Isaia.,Ngôn sứ Edêkiel.,C,Đáp án đúng theo tài liệu Tin Mừng Mát-thêu.
"Ông Gioan Tẩy Giả mặc áo gì? (Mt 3,4)",Áo lông lạc đà.,Áo lông cừu.,Áo vải điều.,Áo lông chồn.,A,Đáp án đúng theo tài liệu Tin Mừng Mát-thêu.
"Thức ăn của ông Gioan Tẩy Giả là gì? (Mt 3,4)",Ăn bánh manna và chim cút.,Ăn rau rừng và mật ong.,Ăn nho dại và thịt rừng.,Châu chấu và mật ong rừng.,D,Đáp án đúng theo tài liệu Tin Mừng Mát-thêu.
"Ông Gioan Tẩy Giả làm phép rửa cho dân chúng ở đâu? (Mt 3,6)","Sông Nin, Ai cập.",Bờ Biển Đỏ.,Trong sông Giođan.,Biển hồ Tiberia.,C,Đáp án đúng theo tài liệu Tin Mừng Mát-thêu.
"“Nòi rắn độc kia, ai đã chỉ cho các anh cách trốn cơn thịnh nộ của Thiên Chúa sắp giáng xuống vậy?” Đây là lời ông Gioan Tẩy Giả nói với ai? (Mt 3,7)",Người Pharisêu và phái Xađốc.,Các binh lính canh đền thờ,Các cô gái điếm và,hững người thu thuế.,A,Đáp án đúng theo tài liệu Tin Mừng Mát-thêu.
"Cái gì đã đặt sát gốc cây: bất cứ cây nào không sinh quả tốt đều bị chặt đi và quăng vào lửa? (Mt 3,10)",Cái cưa.,Cái cuốc.,Cái búa.,Cái rìu.,D,Đáp án đúng theo tài liệu Tin Mừng Mát-thêu.
"Chúa Giêsu từ miền nào đến sông Giođan, gặp ông Gioan để xin ông làm phép rửa cho mình? (Mt 3,13)",Miền Galilê.,Miền Samari,Miền Giuda.,Miền Thập tỉnh.,A,Đáp án đúng theo tài liệu Tin Mừng Mát-thêu.
"Ai đã làm phép rửa cho Chúa Giêsu ? (Mt 3,13)",Ông Giuse.,Ông Nicôđemô.,Ông Gioan Tẩy Giả.,Ông Dacaria.,C,Đáp án đúng theo tài liệu Tin Mừng Mát-thêu.
"Khi Đức Giêsu chịu phép rửa xong, vừa ở dưới nước lên, thì điều gì đã xảy ra? (Mt 3,16)",Các ngôi sao xuất hiện.,Trời đất rung chuyển.,Các tầng trời mở ra.,Mặt trời mặt trăng cùng xuất hiện.,C,Đáp án đúng theo tài liệu Tin Mừng Mát-thêu.
"Khi ở dưới nước lên, thì các tầng trời mở ra... . Và có tiếng từ trời phán thế nào ? (Mt 3,16-17)","“Đây là Con yêu dấu của Ta, hãy vâng nghe Lời Người”","“Đây là Con yêu dấu của Ta, Ta hài lòng về Người.”","“Đây là Người Ta sai đến, hãy vâng nghe Lời Người”","“Con là Con của Cha, ngày hôm nay Cha đã sinh ra Con”",B,Đáp án đúng theo tài liệu Tin Mừng Mát-thêu.
"Chúa Giêsu được ai dẫn vào hoang địa, để chịu quỷ cám dỗ? (Mt 4,1)",Ma quỉ.,Ông Gioan Tẩy Giả.,Chúa Cha.,Thần Khí.,D,Đáp án đúng theo tài liệu Tin Mừng Mát-thêu.
"Chúa Giêsu ăn chay ròng rã trong hoang địa bao nhiêu đêm ngày? (Mt 4,2)",Bốn mươi đêm ngày.,Ba mươi đêm ngày.,Mười hai ngày đêm.,Bốn mươi năm.,A,Đáp án đúng theo tài liệu Tin Mừng Mát-thêu.
"Hãy hoàn thành câu : “Đã có lời chép rằng: Người ta sống không chỉ nhờ cơm bánh, ....” (Mt 4,4)",Nhưng còn nhờ thần lương Chúa ban tặng.,Nhưng còn nhờ mọi lời miệng Thiên Chúa phán ra.,Nhưng còn nhờ ân sủng Thiên Chúa ban.,Nhưng còn nhờ Lề luật.,B,Đáp án đúng theo tài liệu Tin Mừng Mát-thêu.
"Hãy hoàn thành câu : “Nếu ông là Con Thiên Chúa, thì gieo mình xuống đi! Vì đã có lời chép rằng: Thiên Chúa sẽ truyền cho thiên sứ lo cho bạn, và thiên sứ sẽ tay đỡ tay nâng, ... ... ... .” (Mt 4,5)",Cho bạn khỏi vấp chân vào đá.,Cho bạn được an toàn.,Cho bạn khỏi thẹn thùng xấu hổ.,Giữ gìn bạn trên khắp nẻo đường.,A,Đáp án đúng theo tài liệu Tin Mừng Mát-thêu.
"Hãy hoàn thành câu : “Xa-tan kia, xéo đi! Vì đã có lời chép rằng: Ngươi phải bái lạy Đức Chúa là Thiên Chúa của ngươi, và ... ... ... .”  (Mt 4,9)",Phải thờ phượng một mình Người mà thôi.,Phải yêu mến Người kết lòng hết trí khôn.,Phải kính sợ Thiên Chúa ngươi thờ.,Phải cầu xin Người tha thứ.,A,Đáp án đúng theo tài liệu Tin Mừng Mát-thêu.
"Những môn đệ đầu tiên được Chúa Giêsu kêu gọi tại đâu? (Mt 4,18)",Tại núi cao.,Tại sông Giodan.,Tại biển hồ Galilê.,Tại bờ sông Giodan.,C,Đáp án đúng theo tài liệu Tin Mừng Mát-thêu.
"Người được Chúa Giêsu kêu gọi đầu tiên là ai? (Mt 4,18)",Ông Phao-lô.,Ông Simôn.,Ông Gioan Tẩy Giả.,Ông Lêvi.,B,Đáp án đúng theo tài liệu Tin Mừng Mát-thêu.
"Ông Anrê làm nghề gì? (Mt 4,18)",Nghề đánh cá.,Nghề mộc.,Nghề thu thuế.,Nghề trồng nho.,A,Đáp án đúng theo tài liệu Tin Mừng Mát-thêu.
"Hãy hoàn thành câu : “Các anh hãy theo tôi, tôi sẽ làm cho các anh ... ... ... ."" (Mt 4,19)",Thành những kẻ lưới người như lưới cá.,Thành những người tài giỏi.,Thành những môn đệ thừa sai.,Thành những nhà truyền giáo.,A,Đáp án đúng theo tài liệu Tin Mừng Mát-thêu.
"Thân phụ của ông Gioan là ai? (Mt 4,21)",Ông Dêbêđê.,Ông Barnaba.,Ông Anphê.,Ông Simon.,A,Đáp án đúng theo tài liệu Tin Mừng Mát-thêu.
"Những người con của ông Dêbêđê là ai? (Mt 4,21)",Ông Philipphê và Nathanaen,Ông Giuđa và Giuse,Ông Giacôbê và ông Gioan.,Giacóp và Esau,C,Đáp án đúng theo tài liệu Tin Mừng Mát-thêu.
"Ông Gioan làm nghề gì? (Mt 4,21)",Nghề đánh cá.,Nghề thu thuế.,Nghề thợ mộc.,Nghề chăn cừu.,A,Đáp án đúng theo tài liệu Tin Mừng Mát-thêu.
"Chúa Giêsu kêu gọi ông Giacôbê và ông Gioan khi 2 ông đang làm gì? (Mt 4,21)",Đang chăn chiên ngoài đồng.,Đang vá lưới ở trong thuyền.,Đang ở xưởng mộc.,Đang ngồi thu thuế.,B,Đáp án đúng theo tài liệu Tin Mừng Mát-thêu.
"Hãy hoàn thành câu : “Phúc thay ai có tâm hồn nghèo khó, vì ... ... ... .” (Mt 5,3)",Nước Trời là của họ.,Sẽ được đất hứa làm gia nghiệp.,Nước Trời làm phần thưởng.,Sự sống đời đời.,A,Đáp án đúng theo tài liệu Tin Mừng Mát-thêu.
"Hãy hoàn thành câu : “Phúc thay ai hiền lành, vì ... ... ... .” (Mt 5,4)",Họ sẽ được hưởng Nước Trời.,Họ sẽ được Đất Hứa làm gia nghiệp.,Họ sẽ được gọi là con Thiên Chúa.,Họ sẽ được nhìn thấy Thiên Chúa.,B,Đáp án đúng theo tài liệu Tin Mừng Mát-thêu.
"Hãy hoàn thành câu : “Phúc thay ai sầu khổ, vì ... ... ... .” (Mt 5,5)",Họ sẽ được Đất hứa làm gia nghiệp.,Họ sẽ được Thiên Chúa xót thương.,Họ sẽ được Thiên Chúa ủi an.,Họ sẽ được gọi là con Thiên Chúa.,C,Đáp án đúng theo tài liệu Tin Mừng Mát-thêu.
"Hãy hoàn thành câu : “Phúc thay ai khát khao nên người công chính, vì ... ... ... .” (Mt 5,6)",Họ sẽ được nên công chính.,Họ sẽ được gọi là con Thiên Chúa.,Họ sẽ được Nước Trời làm gia nghiệp.,Họ sẽ được Thiên Chúa cho thoả lòng.,D,Đáp án đúng theo tài liệu Tin Mừng Mát-thêu.
"Hãy hoàn thành câu : “Phúc thay ai xót thương người, vì ... ... ... .” (Mt 5,7)",Họ sẽ được Thiên Chúa tha thứ.,Họ sẽ được Thiên Chúa chúc lành.,Họ sẽ được Thiên Chúa xót thương.,Họ sẽ được tha thứ mọi tội lỗi.,C,Đáp án đúng theo tài liệu Tin Mừng Mát-thêu.
"Hãy hoàn thành câu : “Phúc thay ai có tâm hồn trong sạch, vì  ... ... ... .” (Mt 5,8)",Họ sẽ được nhìn thấy Thiên Chúa.,Họ sẽ được nhìn thấy các thiên thần.,Họ sẽ giống các thiên thần.,Họ sẽ được nên thánh.,A,Đáp án đúng theo tài liệu Tin Mừng Mát-thêu.
"Hãy hoàn thành câu : “Phúc thay ai xây dựng hoà bình, vì ... ... ... .” (Mt 5,9)",Họ sẽ được Đất Hứa làm gia nghiệp.,Họ sẽ được gọi là sứ giả của Thiên Chúa.,Họ sẽ được Thiên Chúa thưởng công.,Họ sẽ được gọi là con Thiên Chúa.,D,Đáp án đúng theo tài liệu Tin Mừng Mát-thêu.
"Hãy hoàn thành câu : “Phúc thay ai bị bách hại vì sống công chính, vì ... ... ... .” (Mt 5,10)",Nước Trời làm phần thưởng.,Đất hứa làm gia nghiệp.,Họ sẽ được sự sống đời đời.,Nước Trời là của họ.,D,Đáp án đúng theo tài liệu Tin Mừng Mát-thêu.
"Hãy hoàn thành câu : “Phúc thay anh em khi vì Thầy mà bị người ta sỉ vả, bách hại và vu khống đủ điều xấu xa. Anh em hãy vui mừng hớn hở, vì ... ... ... .” (Mt 5,11-12a)",Phần thưởng dành cho anh em ở trên trời thật lớn lao.,Phần thưởng dành cho anh em là hào quang chiến thắng.,Anh em sẽ được phúc tử đạo.,Anh em sẽ được phục sinh vinh hiển.,A,Đáp án đúng theo tài liệu Tin Mừng Mát-thêu.
"Hãy hoàn thành câu : “Chính anh em là muối cho đời. Nhưng muối mà nhạt đi, thì lấy gì muối nó cho mặn lại? Nó đã thành vô dụng, thì ... ... ... .” (Mt 5,13)",Chỉ còn việc đổ đi cho người ta chà đạp.,Chỉ còn việc quăng ra ngoài cho người ta chà đạp thôi.,Chỉ còn việc đốt đi.,Chỉ còn việc quăng ra chỗ tối tăm.,B,Đáp án đúng theo tài liệu Tin Mừng Mát-thêu.
"Anh em là ánh sáng cho ai? (Mt 5,14)",Cho trần gian.,Cho mọi người.,Cho dân ngoại.,Cho người tội lỗi.,A,Đáp án đúng theo tài liệu Tin Mừng Mát-thêu.
"Hãy hoàn thành câu : “Ánh sáng của anh em phải chiếu giãi trước mặt thiên hạ, để họ thấy những công việc tốt đẹp anh em làm, mà  ... ... ... .” (Mt 5,16)","Tôn vinh Thiên Chúa của anh em, Đấng ngự trên trời.","Tôn vinh Cha của anh em, Đấng ngự trên trời.","Nhận biết Cha của anh em, Đấng ngự trên trời.","Chúc tụng Thiên Chúa, Đấng ngự trên Trời.",B,Đáp án đúng theo tài liệu Tin Mừng Mát-thêu.
"Hãy hoàn thành câu : “Anh em đừng tưởng Thầy đến để bãi bỏ Luật Môsê hoặc lời các ngôn sứ. Thầy đến không phải là để bãi bỏ,  ... ... ... .” (Mt 5,17)",Nhưng là để kiện toàn.,Nhưng là để hoàn thiện lề luật.,Nhưng là để đổi mới cho phù hợp.,Nhưng là để cứu giúp con người.,A,Đáp án đúng theo tài liệu Tin Mừng Mát-thêu.
"Hãy hoàn thành câu : “Vậy ai bãi bỏ dù chỉ là một trong những điều răn nhỏ nhất ấy, và dạy người ta làm như thế, thì ... ... ... .” (Mt 5,19)","Sẽ bị coi là kẻ xấu xa, chống lại Thiên Chúa.",Sẽ bị gọi là kẻ nhỏ nhất trong Nước Trời.,Sẽ bị gọi là kẻ đáng bị nguyền rủa.,Bị coi là kẻ chống lại Thiên Chúa.,B,Đáp án đúng theo tài liệu Tin Mừng Mát-thêu.
"Chúa Giêsu bảo cho anh em biết, nếu anh em không ăn ở công chính hơn ai, thì sẽ chẳng được vào Nước Trời? (Mt 5,20)",Các biệt phái và Sađốc.,Các kinh sư và người Pharisêu.,Các người thu thuế và cô gái điếm.,Các môn đệ và những người theo Chúa.,B,Đáp án đúng theo tài liệu Tin Mừng Mát-thêu.
"Hãy hoàn thành câu : “Anh em đã nghe Luật dạy người xưa rằng: Chớ giết người; ai giết người, thì ... ... ... .” (Mt 5,21)",Đáng bị xét xử.,Đángg bị trừng phạt.,Đáng bị đưa ra toà.,Đáng bị sa hoả ngục.,C,Đáp án đúng theo tài liệu Tin Mừng Mát-thêu.
"Hãy hoàn thành câu : “Ai giận anh em mình, thì đáng bị đưa ra toà. Ai mắng anh em mình là đồ ngốc, thì đáng bị đưa ra trước Thượng Hội Đồng. Còn ai chửi anh em mình là quân phản đạo, thì ... ... ... .” (Mt 5,22)",Đáng bị lửa hoả ngục thiêu đốt.,Đáng bị giam nơi tối tăm.,"Đáng bị tống ra ngoài, nơi lửa không hề tắt.",Đáng sa hoả ngục.,A,Đáp án đúng theo tài liệu Tin Mừng Mát-thêu.
"Hãy hoàn thành câu : “Nếu khi anh sắp dâng lễ vật trước bàn thờ, mà sực nhớ có người anh em đang có chuyện bất bình với anh, thì hãy để của lễ lại đó trước bàn thờ, đi làm hoà với người anh em ấy đã, ... ... ... .” (Mt 5,23-24)",Rồi trở lại làm hoà với Thiên Chúa.,Để của lễ của anh em được chấp nhận.,Để làm đẹp lòng Thiên Chúa.,Rồi trở lại dâng lễ vật của mình.,D,Đáp án đúng theo tài liệu Tin Mừng Mát-thêu.
"Hãy hoàn thành câu : “Anh em đã nghe Luật dạy rằng: Chớ ngoại tình. Còn Thầy, Thầy bảo cho anh em biết: ai nhìn người phụ nữ mà thèm muốn, thì ... ... ... .” (Mt 5,27)",Trong lòng đã ngoại tình với người ấy rồi.,Anh em sẽ bị ném đá.,Trong lòng đáng bị chúc dữ rồi.,Trong lòng đã không còn trong sạch.,A,Đáp án đúng theo tài liệu Tin Mừng Mát-thêu.
"Hãy hoàn thành câu : “Nếu mắt phải của anh làm cớ cho anh sa ngã, thì hãy móc mà ném đi; vì thà mất một phần thân thể, ... ... ... .” (Mt 5,29)",Còn hơn là toàn thân bị ném vào hoả ngục.,Còn hơn là bị mọi người chê cười.,Còn hơn là bị đưa ra toà.,Còn hơn là bị tiêu diệt.,A,Đáp án đúng theo tài liệu Tin Mừng Mát-thêu.
"Hãy hoàn thành câu : “Nếu tay phải của anh làm cớ cho anh sa ngã, thì hãy chặt mà ném đi; vì thà mất một phần thân thể, ... ... ... .” (Mt 5,30)",Còn hơn là toàn thân phải sa hoả ngục.,Còn hơn là bị tống ngục.,Còn hơn là bị cụt tay.,Còn hơn là mất phúc Thiên đàng.,A,Đáp án đúng theo tài liệu Tin Mừng Mát-thêu.
"Hãy hoàn thành câu : “Luật còn dạy rằng: Ai rẫy vợ, thì phải cho vợ chứng thư ly dị. Còn Thầy, Thầy bảo cho anh em biết: ngoại trừ trường hợp hôn nhân bất hợp pháp, ai rẫy vợ là đẩy vợ đến chỗ ngoại tình; và ai cưới người đàn bà bị rẫy, thì ... ... ... .” (Mt 5,31-32)",Cũng phạm tội ngoại tình.,Cũng bị kết án.,Cũng hợp pháp.,Cũng bị coi là bất hợp pháp.,A,Đáp án đúng theo tài liệu Tin Mừng Mát-thêu.
"Hãy hoàn thành câu : “Anh em còn nghe Luật dạy người xưa rằng: Chớ bội thề, nhưng hãy trọn lời thề với Đức Chúa. Còn Thầy, Thầy bảo cho anh em biết: ... ... ... .” (Mt 5,33-34a)",Đừng thề thì hơn.,Đừng bội thề với Chúa.,Đừng bao giờ thề thốt.,Đừng thề chi cả.,D,Đáp án đúng theo tài liệu Tin Mừng Mát-thêu.
"Hãy hoàn thành câu : “Đừng chỉ trời mà thề, ... ... ... .” (Mt 5,34b)",Vì trời là ngai Thiên Chúa.,Vì trời là nơi Thiên Chúa ngự.,Vì trời là do Chúa tạo dựng nên.,Vì đó là điều Thiên Chúa cấm.,A,Đáp án đúng theo tài liệu Tin Mừng Mát-thêu.
"Hãy hoàn thành câu : “Đừng chỉ đất mà thề, vì ... ... ... .” (Mt 5,35)",Đất là bệ dưới chân Người.,Đất là nhà Thiên Chúa ngự,Đất là chỗ con người ở.,Đất là do Chúa dựng nên.,A,Đáp án đúng theo tài liệu Tin Mừng Mát-thêu.
"Hãy hoàn thành câu : “Đừng chỉ Giêrusalem mà thề, vì ... ... ... .” (Mt 5,35)",Đó là thành của Đức Vua cao cả.,Đó là đền thờ Thiên Chúa ngự.,Đó là thành thánh của Thiên Chúa.,Đó là Kinh Đô của Dân Thánh.,A,Đáp án đúng theo tài liệu Tin Mừng Mát-thêu.
"Hãy hoàn thành câu : “Anh em đã nghe Luật dạy rằng: Mắt đền mắt, răng đền răng. Còn Thầy, Thầy bảo anh em: đừng chống cự người ác, trái lại, nếu bị ai vả má bên phải, thì ... ... ... .”  (Mt 5,38-39)",Hãy giơ cả mặt ra nữa.,Hãy che má trái lại.,Hãy giơ cả hai tay lên.,Hãy giơ cả má bên trái ra nữa.,D,Đáp án đúng theo tài liệu Tin Mừng Mát-thêu.
"Hãy hoàn thành câu : “Nếu ai muốn kiện anh để lấy áo trong của anh, thì ... ... ... .” (Mt 5,40)",Hãy để cho nó lấy cả áo ngoài.,Hãy để cho nó lấy cả dép.,Hãy ngăn chặn nó.,Đừng ngăn chặn nó.,A,Đáp án đúng theo tài liệu Tin Mừng Mát-thêu.
"Hãy hoàn thành câu : “Nếu có người bắt anh đi một dặm, thì hãy đi với người ấy hai dặm. Ai xin, thì hãy cho; ai muốn vay mượn, thì ... ... ... .” (Mt 5,41-42)",Đừng ngoảnh mặt đi.,Đừng ngoảnh mặt lại.,Đừng nhìn vào nó.,Đừng cho nó mượn.,A,Đáp án đúng theo tài liệu Tin Mừng Mát-thêu.
"Hãy hoàn thành câu : “Anh em đã nghe Luật dạy rằng: Hãy yêu đồng loại và hãy ghét kẻ thù. Còn Thầy, Thầy bảo anh em: hãy yêu kẻ thù và ... ... ... .” (Mt 5,43-44)",Cầu nguyện cho những kẻ giúp đỡ anh em.,Cầu nguyện cho những kẻ ngược đãi anh em.,Giúp đỡ kẻ ngược đãi anh em..,Cầu nguyện cho kẻ gây hoạ cho anh em.,B,Đáp án đúng theo tài liệu Tin Mừng Mát-thêu.
"Hãy hoàn thành câu : “Anh em hãy nên hoàn thiện, như Cha anh em trên trời là ... ... ... .” (Mt 5,48)",Đấng yêu thương.,Đấng hoàn thiện.,Đấng Toàn năng,Đấng công chính.,B,Đáp án đúng theo tài liệu Tin Mừng Mát-thêu.
"Hãy hoàn thành câu : “Khi làm việc lành phúc đức, anh em phải coi chừng, chớ có phô trương cho thiên hạ thấy. Bằng không, anh em sẽ chẳng được Cha của anh em, Đấng ngự trên trời,... ... ... .” (Mt 6,1)",Yêu mến.,Ban thưởng.,Trao thưởng xứng đáng.,Ban cho anh em phần thưởng.,B,Đáp án đúng theo tài liệu Tin Mừng Mát-thêu.
"Hãy hoàn thành câu : “Còn anh, khi bố thí, đừng cho tay trái biết việc tay phải làm, để việc anh bố thí được kín đáo. Và Cha của anh, Đấng thấu suốt những gì kín đáo, ... ... ... .” (Mt 6,3-4)",Sẽ trả lại cho anh.,Sẽ hoàn lại cho anh.,Sẽ thưởng công cho anh.,Sẽ chúc lành cho anh.,A,Đáp án đúng theo tài liệu Tin Mừng Mát-thêu.
"Khi cầu nguyện, anh em đừng làm như bọn đạo đức giả: chúng thích đứng cầu nguyện ở đâu cho người ta thấy? (Mt 6,5)","Trong các hội đường, hoặc ngoài các ngã ba ngã tư.",Trong đền thờ Giêrusalem và Hội đường.,Trong Đền Thờ và ngoài chợ,Trong hoang địa và nơi thanh vắng,A,Đáp án đúng theo tài liệu Tin Mừng Mát-thêu.
"Hãy hoàn thành câu : “Còn anh, khi cầu nguyện, hãy vào phòng, đóng cửa lại, và cầu nguyện cùng Cha của anh, Đấng hiện diện nơi kín đáo. Và Cha của anh, Đấng thấu suốt những gì kín đáo,  ... ... ... .” (Mt 6,6)",Sẽ chúc lành cho anh em.,Sẽ tha thứ tội lỗi cho anh em.,Sẽ trả lại cho anh.,Sẽ cứu chuộc anh em.,C,Đáp án đúng theo tài liệu Tin Mừng Mát-thêu.
"Khi cầu nguyện, anh em đừng lải nhải như ai? (Mt 6,7)",Như dân ngoại.,Như bọn đạo đức giả.,Như những người Pharisieu.,Như dân chúng.,A,Đáp án đúng theo tài liệu Tin Mừng Mát-thêu.
"Hãy hoàn thành câu : “Anh em hãy cầu nguyện như thế này: “Lạy Cha chúng con là Đấng ngự trên trời, xin làm cho danh thánh Cha vinh hiển, triều đại Cha mau đến, ... ... ... .” (Mt 6,9-10)",Nước Cha vinh hiển.,Ý Cha thể hiện dưới đất cũng như trên trời.,Danh thánh Cha được tôn vinh.,Mọi nước qui phục dưới chân Người.,B,Đáp án đúng theo tài liệu Tin Mừng Mát-thêu.
"Hãy hoàn thành câu : “Xin Cha cho chúng con hôm nay  ... ... ... .” (Mt 6,11)",Được hưởng Nước trời.,Ân sủng và bình an.,Lương thực hằng ngày.,Sự sống vĩnh cửu.,C,Đáp án đúng theo tài liệu Tin Mừng Mát-thêu.
"Hãy hoàn thành câu : “Xin tha tội cho chúng con như chúng con cũng ... ... ... .” (Mt 6,12)",Tha cho những người có lỗi với chúng con.,Tha thứ cho những người xúc phạm đến chúng con.,Được Thiên Chúa tha thứ.,Là con cái của Thiên Chúa.,A,Đáp án đúng theo tài liệu Tin Mừng Mát-thêu.
"Hãy hoàn thành câu : “Xin đừng để chúng con sa chước cám dỗ, nhưng ... ... ... .” (Mt 6,13)",Cứu chúng con cho khỏi sự dữ.,Gìn giữ chúng con mọi ngày suốt cuộc đời.,Gìn giữ chúng con khỏi ác thần.,Cứu chúng con khỏi quỷ dữ.,A,Đáp án đúng theo tài liệu Tin Mừng Mát-thêu.
"Hãy hoàn thành câu : “Thật vậy, nếu anh em tha lỗi cho người ta, thì Cha anh em trên trời cũng sẽ tha thứ cho anh em. Nhưng nếu anh em không tha thứ cho người ta, thì ... ... ... .” (Mt 6,14-15)",Anh em sẽ bị ném và hỏa ngục.,Anh em sẽ xa cách mặt Chúa.,Cha anh em cũng sẽ không tha lỗi cho anh em.,Cha anh em sẽ đánh phạt anh em.,C,Đáp án đúng theo tài liệu Tin Mừng Mát-thêu.
"Khi ăn chay, bọn đạo đức giả làm gì? (Mt 6,16)",Làm bộ rầu rĩ.,Làm cho ra vẻ thiểu não.,Làm ra vẻ nghiêm trang.,Chỉ có a và b đúng.,D,Đáp án đúng theo tài liệu Tin Mừng Mát-thêu.
"Hãy hoàn thành câu : “Còn anh, khi ăn chay, nên rửa mặt cho sạch, chải đầu cho thơm, để không ai thấy là anh ăn chay ngoại trừ Cha của anh, Đấng hiện diện nơi kín đáo. Và Cha của anh, Đấng thấu suốt những gì kín đáo, ... ... ... .” (Mt 6,17-18)",Sẽ trả lại cho anh.,Sẽ ban thưởng cho anh em.,Sẽ chúc lành cho anh em.,Sẽ cho anh hưởng phúc thiên đàng.,A,Đáp án đúng theo tài liệu Tin Mừng Mát-thêu.
"Anh em đừng tích trữ cho mình những kho tàng ở đâu, nơi mối mọt làm hư nát, và kẻ trộm khoét vách lấy đi? (Mt 6,19)",Trần gian.,Người thế.,Trên trời.,Dưới đất.,D,Đáp án đúng theo tài liệu Tin Mừng Mát-thêu.
"Anh em đừng tích trữ cho mình những kho tàng dưới đất, nơi mối mọt làm hư nát, và kẻ trộm khoét vách lấy đi. Nhưng hãy tích trữ cho mình những kho tàng trên trời, nơi thế nào? (Mt 6,19-20)","Dành cho người được Thiên Chúa yêu thương,",Mối mọt không làm hư nát.,Kẻ trộm không khoét vách lấy đi.,Chỉ có b và c đúng.,D,Đáp án đúng theo tài liệu Tin Mừng Mát-thêu.
"Hãy hoàn thành câu : “Kho tàng của anh ở đâu, ... ... ... .” (Mt 6,21)",Thì lòng anh ở đó.,Thì hồn anh ở đó.,Thì diều hâu ở đó.,Thì lòng trí anh ở đó.,A,Đáp án đúng theo tài liệu Tin Mừng Mát-thêu.
"Đèn của thân thể là gì? (Mt 6,22)",Thân xác.,Linh hồn.,Con mắt.,Con ngươi.,C,Đáp án đúng theo tài liệu Tin Mừng Mát-thêu.
"Đèn của thân thể là con mắt. Vậy nếu mắt anh sáng, thì thế nào? (Mt 6,22)",Toàn thân anh sẽ sung sướng.,Toàn thân anh sẽ được vinh hạnh.,Toàn thân anh sẽ sáng.,Anh sẽ được hạnh phúc.,C,Đáp án đúng theo tài liệu Tin Mừng Mát-thêu.
"Đèn của thân thể là con mắt. Còn nếu mắt anh xấu, thì thế nào?(Mt 6,22a-23)",Con người anh sẽ tối tăm.,Toàn thân anh sẽ bị ném vào hỏa ngục.,Toàn thân anh sẽ tối.,Mọi hành động của anh sẽ xấu xa.,C,Đáp án đúng theo tài liệu Tin Mừng Mát-thêu.
"Hãy hoàn thành câu : “Không ai có thể làm tôi hai chủ, vì hoặc sẽ ghét chủ này mà yêu chủ kia, hoặc sẽ gắn bó với chủ này mà khinh dể chủ nọ. Anh em không thể vừa làm tôi Thiên Chúa vừa làm tôi ... ... ... .” (Mt 6,24)",Ma Quỷ được.,Tiền Của được.,Dục vọng được.,Quyền thế được.,B,Đáp án đúng theo tài liệu Tin Mừng Mát-thêu.
"Con gì chúng không gieo, không gặt, không thu tích vào kho; thế mà Cha anh em trên trời vẫn nuôi chúng? (Mt 6,26)",Con chồn.,Con cáo.,Chim trời.,Con cá.,C,Đáp án đúng theo tài liệu Tin Mừng Mát-thêu.
"Chúa Giêsu nhắc tới hoa gì ngoài đồng? (Mt 6,28)",Hoa cải,Hoa ly.,Hoa huệ.,Hoa thiên tuế.,C,Đáp án đúng theo tài liệu Tin Mừng Mát-thêu.
"Chúa Giêsu nhắc tới vua nào, dù vinh quang tột bậc, cũng không mặc đẹp bằng hoa huệ ngoài đồng? (Mt 6,29)",Vua Hêrôđê.,Vua Đavít.,Vua Salômôn.,Vua Saun.,C,Đáp án đúng theo tài liệu Tin Mừng Mát-thêu.
"Hãy hoàn thành câu : “Anh em đừng lo lắng về ngày mai: ngày mai, cứ để ngày mai lo. ... ... ... .” (Mt 6,34)",Ngày nào có niềm vui của ngày ấy.,Ngày nào có bổn phận của ngày ấy.,Ngày nào có nhiệm vụ của ngày ấy.,Ngày nào có cái khổ của ngày ấy.,D,Đáp án đúng theo tài liệu Tin Mừng Mát-thêu.
"Hãy hoàn thành câu : “Anh em đừng xét đoán, để ... ... ... .” (Mt 7,1)",Khỏi bị đoán phạt.,Khỏi bị ném vào hỏa ngục.,Khỏi bị Thiên Chúa xét đoán.,Khỏi trở thành đồ chúc dữ trong dân Ítraen.,C,Đáp án đúng theo tài liệu Tin Mừng Mát-thêu.
"Hãy hoàn thành câu : “Anh em đừng xét đoán, để khỏi bị Thiên Chúa xét đoán, vì anh em xét đoán thế nào, thì anh em cũng sẽ bị Thiên Chúa xét đoán như vậy; và anh em đong đấu nào, thì ... ... ... .” (Mt 7,1-2)",Thiên Chúa cũng sẽ đong đấu ấy cho anh em.,Thiên Chúa sẽ trả công bội hậu cho anh em.,Thiên Chúa sẽ ban thưởng Nước Trời cho anh em.,Thiên Chúa sẽ trả lại cho anh em còn hơn thế nữa.,A,Đáp án đúng theo tài liệu Tin Mừng Mát-thêu.
"Sao anh thấy cái rác trong con mắt của người anh em, mà cái gì trong con mắt của mình thì lại không để ý tới? (Mt 7,3)",Cái rác.,Cái xà.,Cái mụn nhọt.,Hạt cát.,B,Đáp án đúng theo tài liệu Tin Mừng Mát-thêu.
"Hãy hoàn thành câu : “ ... ... ... . Lấy cái xà ra khỏi mắt anh trước đã, rồi anh sẽ thấy rõ, để lấy cái rác ra khỏi mắt người anh em.” (Mt 7,5)",Hỡi người Pharisêu!,Hỡi các kinh sư!,Hỡi các thầy Lêvi!,Hỡi kẻ đạo đức giả!,D,Đáp án đúng theo tài liệu Tin Mừng Mát-thêu.
"Của thánh, đừng quăng cho con gì? (Mt 7,6)",Heo.,Chó.,Gà.,Dê.,B,Đáp án đúng theo tài liệu Tin Mừng Mát-thêu.
"Ngọc trai, đừng quăng cho con gì? (Mt 7,6)",Heo.,Chó.,Cá.,Dê.,A,Đáp án đúng theo tài liệu Tin Mừng Mát-thêu.
"Hãy hoàn thành câu : “Anh em cứ xin thì sẽ được, cứ tìm thì sẽ thấy, ... ... ... .” (Mt 7,7)",Cứ cho thì sẽ nhận được.,Cứ gõ cửa thì sẽ mở ra cho.,Cứ gõ thì người ta sẽ mở cho xem.,Cứ thương xót thì sẽ được xót thương.,B,Đáp án đúng theo tài liệu Tin Mừng Mát-thêu.
"Hãy hoàn thành câu : “Vì hễ ai xin thì nhận được, ai tìm thì sẽ thấy, ... ... ... .” (Mt 7,8)",Ai gõ cửa thì sẽ mở ra cho.,Thiên Chúa sẽ ban cho.,Người anh em sẽ mở cửa cho.,Sẽ tìm được sự sống.,A,Đáp án đúng theo tài liệu Tin Mừng Mát-thêu.
"Có người nào trong anh em, khi con mình xin cái bánh, mà lại cho nó cái gì? (Mt 7,9)",Cục đất.,Miếng gỗ.,Hòn đá.,Viên sỏi.,C,Đáp án đúng theo tài liệu Tin Mừng Mát-thêu.
"Có người nào trong anh em, khi con mình xin cái bánh, mà lại cho nó hòn đá? Hoặc nó xin con cá, mà lại cho nó con gì? (Mt 7,9-10)",Con rắn.,Con chó.,Con gà.,Con heo.,A,Đáp án đúng theo tài liệu Tin Mừng Mát-thêu.
"Hãy hoàn thành câu : “Vậy tất cả những gì anh em muốn người ta làm cho mình, thì chính anh em cũng hãy làm cho người ta, vì ... ... ... .” (Mt 7,12)",Đó là điều Đức Chúa muốn.,Đó là điều phải đạo.,Đó là luật Đức Chúa truyền dạy cho anh em.,Luật Môsê và lời các ngôn sứ là thế đó.,D,Đáp án đúng theo tài liệu Tin Mừng Mát-thêu.
"Hãy qua cửa hẹp mà vào, vì cửa rộng và đường thênh thang thì đưa đến đâu? (Mt 7,13)",Sung sướng.,Diệt vong.,Cái chết.,Hạnh phúc.,B,Đáp án đúng theo tài liệu Tin Mừng Mát-thêu.
"Hãy hoàn thành câu : “Hãy qua cửa hẹp mà vào, vì cửa rộng và đường thênh thang thì đưa đến diệt vong, mà nhiều người lại đi qua đó. Còn cửa hẹp và đường chật thì đưa đến sự sống, nhưng ... ... ... .” (Mt 7,13-14)",Dành cho những người yêu mến Thiên Chúa.,Dành cho những ai tuân giữ luật Chúa.,Và hạnh phúc Nước Trời.,Ít người tìm được lối ấy.,D,Đáp án đúng theo tài liệu Tin Mừng Mát-thêu.
"Anh em hãy coi chừng ai, họ đội lốt chiên mà đến với anh em; nhưng bên trong, họ là sói dữ tham mồi? (Mt 7,15)",Bọn đạo đức giả.,Các mục tử giả.,Các ngôn sứ giả.,Các kinh sư và biệt phái.,C,Đáp án đúng theo tài liệu Tin Mừng Mát-thêu.
"Cứ xem họ sinh hoa quả nào, thì biết họ là ai. Ở bụi gai, làm gì có quả gì mà hái? (Mt 7,16)",Quả lê.,Quả nho.,Quả lựu.,Quả vả.,B,Đáp án đúng theo tài liệu Tin Mừng Mát-thêu.
"Cứ xem họ sinh hoa quả nào, thì biết họ là ai. ...  Trên cây găng, làm gì có quả gì mà bẻ? (Mt 7,16)",Quả lê.,Quả nho.,Quả lựu.,Quả vả.,D,Đáp án đúng theo tài liệu Tin Mừng Mát-thêu.
"Cây tốt không thể sinh quả xấu, cũng như cây xấu không thể sinh quả tốt. Cây nào không sinh quả tốt, thì bị gì?(Mt 7,18-19)",Cắt tỉa cành.,Chặt đi.,Quăng vào lửa.,Chỉ có b và c đúng.,D,Đáp án đúng theo tài liệu Tin Mừng Mát-thêu.
"Những ai thi hành ý muốn của Cha Thầy là Đấng ngự trên trời, mới được vào đâu mà thôi? (Mt 7,21)",Đất Hứa.,Nước Trời.,Hỏa Ngục.,Giáo Hội của Chúa Giêsu.,B,Đáp án đúng theo tài liệu Tin Mừng Mát-thêu.
"Ai nghe những lời Thầy nói đây mà đem ra thực hành, thì ví được như người khôn làm gì? (Mt 7,24)",Tích trử của cải trên trời.,Lấy cái tốt từ kho tàng của mình mà sống.,Xây nhà trên đá.,Chăm chỉ thực hành Lời Chúa dạy.,C,Đáp án đúng theo tài liệu Tin Mừng Mát-thêu.
"Vậy ai nghe những lời Thầy nói đây mà đem ra thực hành, thì ví được như người khôn xây nhà trên đá. Dù điều gì ập vào nhà ấy cũng không sụp đổ, vì đã xây trên nền đá? (Mt 7,24-25)",Mưa sa.,Nước cuốn.,Bão táp.,"Cả a, b và c đúng.",D,Đáp án đúng theo tài liệu Tin Mừng Mát-thêu.
"Còn ai nghe những lời Thầy nói đây, mà chẳng đem ra thực hành, thì ví được như người ngu dại xây nhà ở đâu? (Mt 7,26)",Bên bờ suối.,Trên cát.,Trên ruộng đồng.,Bên sông.,B,Đáp án đúng theo tài liệu Tin Mừng Mát-thêu.
"Còn ai nghe những lời Thầy nói đây, mà chẳng đem ra thực hành, thì ví được như người ngu dại xây nhà trên cát. Gặp điều gì ập vào, nhà ấy sẽ sụp đổ, sụp đổ tan tành? (Mt 7,26-27)",Mưa sa.,Nước cuốn.,Bão táp.,"Cả a, b và c đúng.",D,Đáp án đúng theo tài liệu Tin Mừng Mát-thêu.
"“Thưa Ngài, nếu Ngài muốn, Ngài có thể làm cho tôi được sạch.” Đây là lời của ai? (Mt 8,2)",Người bệnh băng huyết.,Người quỉ ám.,Người phong hủi.,Người bại liệt.,C,Đáp án đúng theo tài liệu Tin Mừng Mát-thêu.
"Sau khi được khỏi bệnh, người phong hủi phải đi trình diện với ai và dâng của lễ để làm chứng cho người ta biết? (Mt 8,3-4)",Thượng tế.,Tư tế.,Trưởng hội đường.,Thầy Lêvi.,B,Đáp án đúng theo tài liệu Tin Mừng Mát-thêu.
"Chúa Giêsu chữa cho tên đầy tớ viên đại đội trưởng tại thành nào? (Mt 8,5)",Thành Giêrusalem.,Thành Nadarét.,Thành Caphácnaum.,Thành Samaria.,C,Đáp án đúng theo tài liệu Tin Mừng Mát-thêu.
"Người đầy tớ, viên đại đội trưởng tại thành Caphácnaum được Chúa Giêsu cứu chữa, bị gì? (Mt 8,6)",Bị sốt.,Bị bệnh hủi.,Bị quỷ ám.,Bị tê bại nằm liệt.,D,Đáp án đúng theo tài liệu Tin Mừng Mát-thêu.
"Từ phương đông phương tây, nhiều người sẽ đến dự tiệc cùng các tổ phụ nào trong Nước Trời? (Mt 8,11)",Tổ phụ Giacóp.,Tổ phụ Ixaác.,Tổ phụ Ápraham.,"Cả a, b và c đúng.",D,Đáp án đúng theo tài liệu Tin Mừng Mát-thêu.
"Từ phương đông phương tây, nhiều người sẽ đến dự tiệc cùng các tổ phụ Ápraham, Ixaác và Giacóp trong Nước Trời. Nhưng con cái Nước Trời thì sẽ bị quăng ra chỗ tối tăm bên ngoài, ở đó người ta sẽ thế nào? (Mt 8,11-12)",Âu sầu đau khổ.,Bị lửa hỏa ngục thiêu đốt.,Phải khóc lóc nghiến răng.,Bị người đời nguyền rủa.,C,Đáp án đúng theo tài liệu Tin Mừng Mát-thêu.
"“Ông cứ về đi! Ông tin thế nào thì được như vậy!” Lời Chúa Giêsu nói với ai? (Mt 8,13)",Ông trưởng hội đường.,Ông Giai-ia.,Viên đại đội trưởng.,Cha đứa bé bị kinh phong.,A,Đáp án đúng theo tài liệu Tin Mừng Mát-thêu.
"Chúa Giêsu chữa bà mẹ vợ của ai đang nằm liệt và bị sốt? (Mt 8,14)",Ông Anphê.,Ông Lêvi.,Ông Phêrô.,Ông Anrê.,C,Đáp án đúng theo tài liệu Tin Mừng Mát-thêu.
"“Người đã mang lấy các tật nguyền của ta và gánh lấy các bệnh hoạn của ta.” Lời này từ ngôn sứ nào? (Mt 8,17)",Ngôn sứ Êlia.,Ngôn sứ Mikha.,Ngôn sứ Isaia.,Ngôn sứ Giôna.,C,Đáp án đúng theo tài liệu Tin Mừng Mát-thêu.
"“Thưa Thầy, Thầy đi đâu, tôi cũng xin đi theo.” Đây là lời của ai nói với Chúa Giêsu? (Mt 8,19)",Thầy Lêvi.,một Kinh sư.,Người Pharisêu.,Người Xađốc.,B,Đáp án đúng theo tài liệu Tin Mừng Mát-thêu.
"Con chồn có hang, chim trời có tổ, nhưng ai không có chỗ tựa đầu?(Mt 8,20)",Các môn đệ.,Người nghèo.,Con Người.,Đấng cứu thế.,C,Đáp án đúng theo tài liệu Tin Mừng Mát-thêu.
"Một môn đệ khác thưa với Người: ‘Thưa Ngài, xin cho phép con về chôn cất cha con trước đã.” Đức Giêsu bảo thế nào? (Mt 8,21-22)",Người khác sẽ chôn cất cha anh.,": Anh hãy đi theo tôi, cứ để kẻ chết chôn kẻ chết của họ.",": Anh hãy đi theo tôi, cứ để kẻ chết chôn kẻ chết của họ.",Nước Thiên Chúa phải ưu tiên trên hết.,C,Đáp án đúng theo tài liệu Tin Mừng Mát-thêu.
"“Thưa Ngài, xin cứu chúng con, chúng con chết mất!” Lời các môn đệ kêu xin với Chúa Giêsu khi nào? (Mt 8,24-25)",Khi băng qua miền Samaria.,Khi biển động mạnh khiến sóng ập vào thuyền.,Đối diện với binh lính trong vườn Cây Dầu.,Khi bị người Pharisêu chất vấn.,B,Đáp án đúng theo tài liệu Tin Mừng Mát-thêu.
"Tại miền nào, có hai người bị quỷ ám từ trong đám mồ mả ra đón Chúa Giêsu? (Mt 8,28)",Miền Samari.,Miền Gađara.,Miền Giuđê.,Miền Galilê.,B,Đáp án đúng theo tài liệu Tin Mừng Mát-thêu.
"Người bị quỷ ám gọi Chúa Giêsu là Con của ai? (Mt 8,28)",Con Đấng Tối Cao.,Con Người.,Con Thiên Chúa.,Con vua Đavít.,C,Đáp án đúng theo tài liệu Tin Mừng Mát-thêu.
"Bọn quỷ xin Chúa Giêsu nhập vào bầy gì? (Mt 8,31)",Bầy chiên.,Bầy heo.,Bầy dê.,Bầy gà.,B,Đáp án đúng theo tài liệu Tin Mừng Mát-thêu.
"Khi biết cả bầy heo lao xuống biển, cả thành ra đón Chúa Giêsu, họ có thái độ gì với Chúa Giêsu? (Mt 8,33-34)",Họ xin Người ở với họ 2 ngày.,Họ xin Người chữa lành cho các bệnh nhân.,Họ xin Người chữa lành cho các bệnh nhân.,Họ xin Người rời khỏi vùng đất của họ.,D,Đáp án đúng theo tài liệu Tin Mừng Mát-thêu.
"Khi nghe Chúa Giêsu nói “Này con, cứ yên tâm, con đã được tha tội rồi!” Ai nghĩ thầm: “Ông này nói phạm thượng.”? (Mt 9,2-3)",Các kinh sư.,Người Pharisieu,Các môn đệ.,Nhóm Thượng Tế.,A,Đáp án đúng theo tài liệu Tin Mừng Mát-thêu.
"Khi chứng kiến việc Chúa Giêsu chữa cho người bại liệt, dân chúng có thái độ gì? (Mt 9,6-8)",Sợ hãi và tôn vinh Thiên Chúa.,Vui mừng và tôn vinh Thiên Chúa,Sợ hãy và chạy trốn.,Ngạc nhiên và cảm tạ Thiên Chúa.,A,Đáp án đúng theo tài liệu Tin Mừng Mát-thêu.
"Tại trạm thu thuế, Chúa Giêsu đã kêu gọi ai theo Ngài? (Mt 9,9)",Ông Lê-vi,Ông Mátthêu.,Ông Gia-kêu,Ông Ladazô,B,Đáp án đúng theo tài liệu Tin Mừng Mát-thêu.
"Ai đã nói với các môn đệ “Sao Thầy các anh lại ăn uống với bọn thu thuế, và quân tội lỗi như vậy?”? (Mt 9,11)",Người Pharisêu.,Dân chúng,Các thượng tế,Nhóm Hê-rô-đê.,A,Đáp án đúng theo tài liệu Tin Mừng Mát-thêu.
"Hãy hoàn thành câu : “Người khoẻ mạnh không cần thầy thuốc, ... ... ... .” (Mt 9,12)",Người tội lỗi mới cần.,Người đau ốm mới cần.,Người đau ốm mới cần.,Hết tất cả mọi người đều cần.,C,Đáp án đúng theo tài liệu Tin Mừng Mát-thêu.
"Hãy hoàn thành câu : Hãy về học cho biết ý nghĩa của câu này: “Ta muốn lòng nhân chứ đâu cần lễ tế. Vì tôi không đến để kêu gọi người công chính,  ... ... ... .” (Mt 9,13)",Để kêu gọi dân ngoại chưa biết Chúa.,Để kêu gọi người thánh thiện.,Mà để kêu gọi người tội lỗi.,Để kêu gọi hết tất cả mọi người.,C,Đáp án đúng theo tài liệu Tin Mừng Mát-thêu.
"Các môn đệ của ai đến hỏi Chúa Giêsu: “Tại sao chúng tôi và các người Pharisêu ăn chay, mà môn đệ ông lại không ăn chay?”? (Mt 9,14)",Môn đệ của Chúa Giêsu.,Các môn đệ của ông Gioan.,Môn đệ của nhóm Biệt Phái.,Môn đề của các thượng tế.,B,Đáp án đúng theo tài liệu Tin Mừng Mát-thêu.
"Người ta cũng không đổ rượu mới vào bầu da cũ, vì như vậy, bầu sẽ bị nứt: rượu chảy ra và bầu cũng hư. Nhưng rượu mới thì đổ vào đâu để giữ được cả hai? (Mt 9,17)",Bầu mới.,Bầu bằng bình mới.,Bầu da cũ.,Đổ vào chum.,A,Đáp án đúng theo tài liệu Tin Mừng Mát-thêu.
"“Con gái tôi vừa mới chết. Nhưng xin Ngài đến đặt tay lên cháu, là nó sẽ sống.” Đây là lời của ai nói với Chúa Giêsu? (Mt 9,18)",Một người lính,Một người dân,Một kinh sư,Một vị thủ lãnh.,D,Đáp án đúng theo tài liệu Tin Mừng Mát-thêu.
"“Tôi chỉ cần sờ được vào áo của Người thôi là sẽ được cứu!” Đây là suy nghĩ của ai? (Mt 9,21)",Người phong cùi.,Ông trưởng Hội đường.,Người đàn bà bị băng huyết.,Một người bị tàn tật.,C,Đáp án đúng theo tài liệu Tin Mừng Mát-thêu.
"“Này con, cứ yên tâm, lòng tin của con đã cứu chữa con.” Đây là lời của Chúa Giêsu nói với ai? (Mt 9,22)",Người đàn bà bị băng huyết.,Người phong cùi.,Người tội lỗi.,Người đàn bà đang bị sốt.,A,Đáp án đúng theo tài liệu Tin Mừng Mát-thêu.
"“Lạy Con Vua Đavít, xin thương xót chúng tôi!” Đây là lời của ai nói với Chúa Giêsu? (Mt 9,27)",Hai người bị mù.,Một người mù.,Hai người bị phong cùi.,Người bị điếc.,A,Đáp án đúng theo tài liệu Tin Mừng Mát-thêu.
"Hãy hoàn thành câu : “Lúa chín đầy đồng, mà thợ gặt lại ít. Vậy anh em ... ... ... .” (Mt 9,38)",Hãy xin chủ mùa gặt sai thợ ra gặt lúa về.,Hãy cầu nguyện cho có thêm nhiều tông đồ nhiệt thành.,Hãy xin Chúa Cha ban thêm thợ gặt.,Hãy xin Chúa Giêsu gửi các thiên thần đến gặt lúa về.,A,Đáp án đúng theo tài liệu Tin Mừng Mát-thêu.
"Chúa Giêsu gọi mười hai môn đệ lại, để ban cho các ông quyền trên các thần ô uế, để các ông làm gì? (Mt 10,1)",Trừ các thần ô uế và chữa hết các bệnh hoạn tật nguyền.,Giảng dạy cho muôn dân và làm phép rửa cho mọi người.,Trừ các thần ô uế và chữa hết các bệnh hoạn tật nguyền.,Giảng dạy cho muôn dân và làm phép rửa cho mọi người.,C,Đáp án đúng theo tài liệu Tin Mừng Mát-thêu.
"Đứng đầu danh sách mười hai Tông Đồ là ai? (Mt 10,2)",Ông Simôn.,Ông Phao-lô,Ông Giu-đa,Ông Gioan,A,Đáp án đúng theo tài liệu Tin Mừng Mát-thêu.
"Ông Mátthêu làm nghề gì? (Mt 10,3)",Trưởng Hội đường.,Nghề đánh cá.,Nghề thu thuế.,Nghề Chăn chiên.,C,Đáp án đúng theo tài liệu Tin Mừng Mát-thêu.
"Ông Anphê là thân phụ của ai? (Mt 10,3)",Ông Gioan,Ông Giacôbê.,Ông An-rê,Ông Philipphê,B,Đáp án đúng theo tài liệu Tin Mừng Mát-thêu.
"Ông Simôn thuộc nhóm nào? (Mt 10,4)",Nhóm Quá Khích.,Nhóm biệt phái,Nhóm Sa-đốc,Nhóm dân ngoại.,A,Đáp án đúng theo tài liệu Tin Mừng Mát-thêu.
"Chúa Giêsu sai mười hai ông ấy đi và chỉ thị rằng: Tốt hơn là hãy đến với các con chiên lạc nhà Ítraen. Dọc đường hãy rao giảng thế nào? (Mt 10,5-7)",Nước Trời đã đến gần.,Hãy từ bỏ con đường tội lỗi.,Hãy từ bỏ con đường tội lỗi.,Chúa Giêsu là Đấng Cứu Thế.,A,Đáp án đúng theo tài liệu Tin Mừng Mát-thêu.
"Chúa Giêsu ban cho các môn đệ quyền gì khi sai các ông đi rao giảng?(Mt 10,1.8)",Quyền ra lệch cho các quỷ thần và thiên nhiên. Làm các phép lạ để tôn vinh Thiên Chúa.,"Chữa lành người đau yếu, làm cho kẻ chết sống lại, cho người phong hủi được sạch bệnh, và khử trừ ma quỷ.","Chữa lành người đau yếu, làm cho kẻ chết sống lại, cho người phong hủi được sạch bệnh, và khử trừ ma quỷ.",,C,Đáp án đúng theo tài liệu Tin Mừng Mát-thêu.
"Đâu là chỉ thị đừng kiếm những gì khi đi rao giảng? (Mt 10,9)",Đừng kiếm vàng bạc hay tiền giắt lưng.,Đừng kiếm danh vọng và địa vị.,Đừng kiếm chiên bò hay tiền lương.,Đừng kiếm những nhà giàu nơi tựa đầu.,A,Đáp án đúng theo tài liệu Tin Mừng Mát-thêu.
"Đi đường đừng mang theo những thứ gì? (Mt 10,10)","Đừng mang vợ con, cha mẹ hay người nhà.",Đừng mang theo bạn đồng hành.,"Đừng mang bao bị, đừng mặc hai áo, đừng đi dép hay cầm gậy.","Được mang theo tiền bạc, quần áo và dép.",C,Đáp án đúng theo tài liệu Tin Mừng Mát-thêu.
"Khi vào nhà nào, anh em hãy làm gì? (Mt 10,13)",Anh em hãy chào chúc bình an cho nhà ấy.,Chào hỏi chủ nhà và xin phép ở lại.,Rao giảng và chúc lành cho họ.,Kêu gọi họ sám hối và tin vào Đức Giêsu.,A,Đáp án đúng theo tài liệu Tin Mừng Mát-thêu.
"Trong Ngày phán xét, đất nào còn được xử khoan hồng hơn những thành không đón tiếp anh em? (Mt 10,14-15)",Đất Xơđôm và Gômôra.,Đất Dơ-vu-lun và Nap-ta-li.,Tia và Caphanaum.,Vùng ven biển và thập tỉnh.,A,Đáp án đúng theo tài liệu Tin Mừng Mát-thêu.
"Thầy sai anh em đi như chiên đi vào giữa bầy sói. Vậy anh em phải khôn như rắn và đơn sơ như gì? (Mt 10,16)",Như chiên con,Như nai rừng.,Như bồ câu.,Như chim phượng hoàng.,C,Đáp án đúng theo tài liệu Tin Mừng Mát-thêu.
"Khi người ta nộp anh em, thì anh em đừng lo phải nói làm sao hay phải nói gì, vì trong giờ đó, ai sẽ cho anh em biết phải nói gì? (Mt 10,19)",Thiên Chúa.,Chúa Thánh Thần.,Đấng Cứu Thế.,Đấng Bảo Trợ.,A,Đáp án đúng theo tài liệu Tin Mừng Mát-thêu.
"Vì danh Thầy, anh em sẽ bị mọi người thù ghét. Nhưng kẻ nào bền chí đến cùng, kẻ ấy thế nào? (Mt 10,22)",Kẻ ấy sẽ được vào hưởng Nước Trời.,Kẻ ấy sẽ được trở nên môn đệ Chúa Giêsu.,Kẻ ấy sẽ bị bách hại vì Thầy.,Kẻ ấy sẽ được cứu thoát.,D,Đáp án đúng theo tài liệu Tin Mừng Mát-thêu.
"Trò không hơn thầy, tớ không hơn chủ. Trò được như thầy, tớ được như chủ, đã là khá lắm rồi. Chủ nhà mà người ta còn gọi là gì, huống chi là người nhà? (Mt 10,24-25)",Bêendêbun.,Tướng cướp,Phường tội lỗi.,"Tay ăn nhậu, bạn bè quân thu thuế.",A,Đáp án đúng theo tài liệu Tin Mừng Mát-thêu.
"Anh em đừng sợ những kẻ giết thân xác mà không giết được linh hồn. Đúng hơn, anh em hãy sợ Đấng có thể tiêu diệt cả hồn lẫn xác trong đâu? (Mt 10,28)",Trong âm phủ hay cõi âm ty.,Trong hoả ngục.,Trong Thiên đàng,Trong vườn địa đàng.,B,Đáp án đúng theo tài liệu Tin Mừng Mát-thêu.
"Hai con chim sẻ chỉ bán được bao nhiêu tiền? (Mt 10,29)",Một hào.,Hai hào,Ba  hào,Năm hào,A,Đáp án đúng theo tài liệu Tin Mừng Mát-thêu.
"Những ai làm gì thì không xứng với Thầy? (Mt 10,37)",Yêu bản thân và của cải vật chất hơn Thiên Chúa.,"Yêu cha yêu mẹ, yêu con trai con gái hơn Thầy, thì không xứng với Thầy.","Từ bỏ kết những gì mình có, nhưng không vác thập giá mình.",Vác thập giá mình mỗi ngày.,B,Đáp án đúng theo tài liệu Tin Mừng Mát-thêu.
"Ai không vác điều gì của mình mà theo Thầy, thì không xứng với Thầy? (Mt 10,38)",Thập giá.,Vác tội lỗi.,Vác thập giá của người khác.,Vác gánh nặng cho nhau.,A,Đáp án đúng theo tài liệu Tin Mừng Mát-thêu.
"Ai giữ lấy mạng sống mình, thì sẽ mất; còn ai liều mất mạng sống mình vì Thầy, thì thế nào? (Mt 10,39)",Sẽ tìm thấy được.,Sẽ được Thiên Chúa ban thưởng Nước Trời.,Sẽ được sự sống đời đời.,"Sẽ không phải chết, nhưng được sống muôn đời.",A,Đáp án đúng theo tài liệu Tin Mừng Mát-thêu.
"Ai cho một trong những kẻ bé nhỏ này uống, dù chỉ một chén nước lã thôi, vì kẻ ấy là môn đệ của Thầy, thì Thầy bảo thật anh em, người đó sẽ không mất điều gì? (Mt 10,42)",Không mất sự sống đời này.,Không mất hạnh phúc Nước Trời.,Không mất chính mình.,Không mất phần thưởng đâu.,D,Đáp án đúng theo tài liệu Tin Mừng Mát-thêu.
"Ai đang ngồi tù, nghe biết những việc Đức Kitô làm, liền sai môn đệ đến hỏi Người rằng: “Thưa Thầy, Thầy có thật là Đấng phải đến không, hay là chúng tôi còn phải đợi ai khác?”? (Mt 11,2- 3)",Ông Gioan. (Tẩy Giả),Ông Tôma.,Ông Philipphe.,Ông Phê-rô.,A,Đáp án đúng theo tài liệu Tin Mừng Mát-thêu.
"Người mù xem thấy, kẻ què được đi, người cùi được sạch, kẻ điếc được nghe, người chết sống lại, kẻ nghèo được gì? (Mt 11,5)",Nhận lương thực hàng ngày.,Được Thiên Chúa yêu thương.,Nhận lương thực hàng ngày.,Được Thiên Chúa yêu thương.,C,Đáp án đúng theo tài liệu Tin Mừng Mát-thêu.
"Ai là người Kinh Thánh đã nói tới khi chép rằng: Này Ta sai sứ giả của Ta đi trước mặt Con, người sẽ dọn đường cho Con đến? (Mt 11,7.10)",Ngôn sứ Isaia,Ngôn sứ Giô-na,Ông Gioan.,Ông Phao-lô,C,Đáp án đúng theo tài liệu Tin Mừng Mát-thêu.
"Ai đã nói ông Gioan chính là Êlia, người phải đến? (Mt 11,4-14)",Đức Giêsu.,Chúa Cha,"Chúa Thánh Thần,",Ông Gioan Tẩy giả.,A,Đáp án đúng theo tài liệu Tin Mừng Mát-thêu.
"Ông Gioan đến, không ăn không uống, thì thiên hạ bảo ông là gì?(Mt 11,18)",Ông ta là một kẻ khùng.,Ông ta bị quỷ ám.,Ông ấy là một vị ngôn sứ.,Ông ấy là người dọn đường.,B,Đáp án đúng theo tài liệu Tin Mừng Mát-thêu.
"Đức Giêsu quở trách các thành nào đã chứng kiến phần lớn các phép lạ Người làm mà không sám hối? (Mt 11,20-24)",Thành Khoradin,Thành Bếtxaiđa,Thành Caphácnaum,"Cả a,b,c đều đúng.",D,Đáp án đúng theo tài liệu Tin Mừng Mát-thêu.
"Đến ngày phán xét, thành nào còn được xử khoan hồng hơn các thành Khoradin và thành Bếtxaiđa? (Mt 11,22)",Thành Nazareth,Thành Caphanaum,Thành Tia,"Thành Xi-đôn. e. Chỉ a, b là đúng f. Chỉ c, d là đúng.",D,Đáp án đúng theo tài liệu Tin Mừng Mát-thêu.
"Đến ngày phán xét, đất nào còn được xử khoan hồng hơn Caphácnaum? (Mt 11,24)",Đất Xơđôm.,Đất Gô-mô-ra,Đất Dơ-vu-lun,Đất Náp-ta-li,A,Đáp án đúng theo tài liệu Tin Mừng Mát-thêu.
"Hãy hoàn thành câu : “Lạy Cha là Chúa Tể trời đất, con xin ngợi khen Cha, vì Cha đã giấu không cho bậc khôn ngoan thông thái biết những điều này, nhưng lại mặc khải cho những người bé mọn. Vâng, lạy Cha, ... ... ... .” (Mt 11,25-26)",Vì đó là điều đẹp ý Cha.,Vì đó là kế hoạch Cha dành cho họ.,Vì đó là mệnh lệnh Cha đã truyền.,Vì đó là điều con phải làm.,A,Đáp án đúng theo tài liệu Tin Mừng Mát-thêu.
"Hãy hoàn thành câu : “Tất cả những ai đang vất vả mang gánh nặng nề, hãy đến cùng tôi, tôi sẽ ... ... ... .” (Mt 11,28)",Cho vào hưởng Nước Trời.,Cho nghỉ ngơi bồi dưỡng.,Tôi sẽ thêm sức cho.,Tôi sẽ mang gánh nặng cho.,B,Đáp án đúng theo tài liệu Tin Mừng Mát-thêu.
"Hãy hoàn thành câu : “Anh em hãy mang lấy ách của tôi, và hãy học với tôi, vì tôi ... ... ... .” (Mt 11,29)",Có lòng hiền hậu và khiêm nhường.,Có trái tim mục tử tốt lành.,Yêu thương hết thảy mọi người.,Sẵn sàng chết cho người tội lỗi.,A,Đáp án đúng theo tài liệu Tin Mừng Mát-thêu.
"Vào ngày nào, Đức Giêsu đi băng qua một cánh đồng lúa; các môn đệ thấy đói và bắt đầu bứt lúa ăn? (Mt 12,1)",Vào ngày Lễ Vượt Qua.,Vào ngày Chúa Nhật.,Vào ngày sabát.,Vào ngày cuối tuần.,C,Đáp án đúng theo tài liệu Tin Mừng Mát-thêu.
"Những người nào nói với Đức Giêsu: “Ông coi, các môn đệ ông làm điều không được phép làm ngày sa-bát!”? (Mt 12,2)",Người Do-thái,Người Samari,Người nhà Đức Giêsu.,Người Pharisêu.,D,Đáp án đúng theo tài liệu Tin Mừng Mát-thêu.
"Ai cùng thuộc hạ đói bụng, vào nhà Thiên Chúa, ăn bánh tiến. Thứ bánh này, họ không được phép ăn, chỉ có tư tế mới được ăn mà thôi? (Mt 12,3-4)",Ông Đavít.,Ông Abraham,Ông Nô-ê,Ông Mô-sê,A,Đáp án đúng theo tài liệu Tin Mừng Mát-thêu.
"Khi chứng kiến việc Chúa Giêsu chữa người bị bại tay trong ngày sa-bát, ai bàn bạc để tìm cách giết Người? (Mt 12,9-14)",Người Do Thái,Các Thượng Tế,Người Pharisêu.,Philato.,C,Đáp án đúng theo tài liệu Tin Mừng Mát-thêu.
"“Đây là người Tôi Trung Ta đã tuyển chọn, đây là người Ta yêu dấu: Ta hài lòng về Người. Ta cho Thần Khí Ta ngự trên Người. Người sẽ loan báo công lý trước muôn dân.” Đây là lời ngôn sứ nào? (Mt 12,18)",Ngôn sứ Giô-na,Ngôn sứ Isaia.,Ngôn sứ Elia,Ngôn sứ Giêremia,B,Đáp án đúng theo tài liệu Tin Mừng Mát-thêu.
"Khi chứng kiến việc Chúa Giêsu chữa một người bị quỷ ám vừa mù lại vừa câm, khiến anh nói và thấy được. Tất cả dân chúng đều sửng sốt và nói gì? (Mt 12,22-23)",Ông này hẳn là ngôn sứ Elia.,Ông này chẳng phải là Đấng Cứu Thế hay sao?,Ông này chẳng phải là Con vua Đavít sao?,Hẳn ông này là Con Thiên Chúa.,C,Đáp án đúng theo tài liệu Tin Mừng Mát-thêu.
"“Ông này trừ được quỷ chỉ là nhờ dựa thế quỷ vương Bêendêbun.” Câu này là của ai? (Mt 12,24)",Những người Pharisêu.,Những người bị quỷ ám.,Người Do-thái.,Những người Sa-đốc.,A,Đáp án đúng theo tài liệu Tin Mừng Mát-thêu.
"Ai nói phạm đến Con Người thì được tha; nhưng ai nói phạm đến ai sẽ chẳng được tha, cả đời này lẫn đời sau? (Mt 12,32)",Nói phạm đến Thiên Chúa Cha.,Nói phạm đến Chúa Giêsu.,Nói phạm đến Thánh Thần.,Nói phạm đến các thánh thiên thần.,C,Đáp án đúng theo tài liệu Tin Mừng Mát-thêu.
"Cây mà tốt thì quả cũng tốt; cây mà sâu thì quả cũng sâu, vì thế nào? (Mt 12,33)",Xem cành thì biết quả.,Xem quả thì biết cây.,Xem cây ra lộc thì biết thời tiết.,Xem hạt thì biết giống.,B,Đáp án đúng theo tài liệu Tin Mừng Mát-thêu.
"Những ai đến với Chúa Giêsu và nói : “Thưa Thầy, chúng tôi muốn thấy Thầy làm một dấu lạ.”? (Mt 12,38)",Mấy kinh sư và mấy người Pharisêu.,Mấy người ngoại đạo.,Các môn đệ ông Gioan Tẩy Giả.,Các Thượng tế và lính canh Đền Thờ.,A,Đáp án đúng theo tài liệu Tin Mừng Mát-thêu.
"Ngôn sứ nào đã ở trong bụng kình ngư ba ngày ba đêm? (Mt 12,40)",Ngôn sứ Elia,Ngôn sứ Isaia,Ngôn sứ Giôna.,Ngôn sứ Edekiel,C,Đáp án đúng theo tài liệu Tin Mừng Mát-thêu.
"Trong cuộc phán xét, dân thành nào sẽ trỗi dậy cùng với thế hệ này và sẽ kết án họ, vì xưa dân ấy đã sám hối khi nghe ông Giôna rao giảng? (Mt 12,41)",Dân Thành Xi-đôn,Dân Thành Gô-mô-ra,Dân thành Ninivê.,Dân thành Caphanaum.,C,Đáp án đúng theo tài liệu Tin Mừng Mát-thêu.
"Hãy hoàn thành câu: “Đây là mẹ tôi, đây là anh em tôi. Vì phàm ai thi hành ý muốn của Cha tôi, Đấng ngự trên trời, ... ... ... .”? (Mt 12,49-50)","Người ấy là anh chị em tôi, là mẹ tôi.",Người ấy là môn đệ tôi.,Người ấy là bạn hữu của Thầy.,Người ấy là anh em tôi và là con Thiên Chúa.,A,Đáp án đúng theo tài liệu Tin Mừng Mát-thêu.
"Chúa Giêsu dùng dụ ngôn mà nói với dân chúng nhiều điều tại đâu? (Mt 13,1-3)",Ven Biển Hồ.,Miền Thập Tỉnh,Tại Giuse và Giêrusalem.,Trên các núi cao.,A,Đáp án đúng theo tài liệu Tin Mừng Mát-thêu.
"Người gieo giống đi gieo, có những hạt rơi xuống vệ đường, thì thế nào? (Mt 13,4)",Người ta sẽ thu lượm lại.,Chim chóc đến ăn mất.,Người ta chà đạp lên.,Hạt sẽ tự thối đi.,B,Đáp án đúng theo tài liệu Tin Mừng Mát-thêu.
"Những hạt rơi ở đâu, chỗ đất không có nhiều; nó mọc ngay, vì đất không sâu; nhưng khi nắng lên, nó liền bị cháy, và vì thiếu rễ nên bị chết khô? (Mt 13,5-6)",Trên nơi sỏi đá.,Hạt rơi ở bụi gai.,Hạt rơi xuống biển.,Hạt rơi chỗ bùn lầy.,A,Đáp án đúng theo tài liệu Tin Mừng Mát-thêu.
"Những hạt rơi vào đâu thì bị chết nghẹt? (Mt 13,7)",Rơi vào vườn nho.,Rơi vào bụi gai.,Rơi vào đất tốt.,Rơi ở vệ đường.,B,Đáp án đúng theo tài liệu Tin Mừng Mát-thêu.
"Những hạt lại rơi nhằm đất tốt, nên sinh hoa kết quả thế nào? (Mt 13,8)","Hạt được gấp trăm, hạt được sáu chục, hạt được ba chục.",Hạt nào cũng trổ sinh gấp trăm.,"Hạt được gấp đôi, hạt được gấp mười, hạt được gấp trăm.",Sẽ được mùa màng bội thu.,A,Đáp án đúng theo tài liệu Tin Mừng Mát-thêu.
"Hễ ai nghe lời rao giảng Nước Trời mà không hiểu, thì quỷ dữ đến cướp đi điều đã gieo trong lòng người ấy: đó là kẻ đã được gieo ở đâu? (Mt 13,19)",Được gieo nơi đất tốt.,Được gieo ở vườn nho.,Được gieo bên vệ đường.,Được gieo ở ngoài đồng.,C,Đáp án đúng theo tài liệu Tin Mừng Mát-thêu.
"Còn kẻ được gieo ở đâu, là kẻ nghe Lời và liền vui vẻ đón nhận. Nhưng nó không đâm rễ mà là kẻ nhất thời: khi gặp gian nan hay bị ngược đãi vì Lời, nó vấp ngã ngay? (Mt 13,20-21)",Trên nơi sỏi đá.,Bên vệ đường.,Trên sườn núi.,Giữa cánh đồng.,A,Đáp án đúng theo tài liệu Tin Mừng Mát-thêu.
"Kẻ được gieo vào đâu, là kẻ nghe Lời, nhưng nỗi lo lắng sự đời, và bả vinh hoa phú quý bóp nghẹt, khiến Lời không sinh hoa kết quả gì? (Mt 13,22)",Được gieo vào bụi gai.,Được gieo vào đất tốt.,Được gieo vào nơi sỏi đá.,Được gieo nơi vệ đường.,A,Đáp án đúng theo tài liệu Tin Mừng Mát-thêu.
"Kẻ được gieo trên đất tốt, là kẻ thế nào thì tất nhiên sinh hoa kết quả và làm ra, kẻ được gấp trăm, kẻ được sáu chục, kẻ được ba chục? (Mt 13,23)",Người lắng nghe và thực hành.,Kẻ nghe Lời và hiểu.,Kẻ vâng phục thánh ý Thiên Chúa.,Người lắng nghe và đón nhận Lời Thiên Chúa.,B,Đáp án đúng theo tài liệu Tin Mừng Mát-thêu.
"Điều gì ví như chuyện người kia gieo giống tốt trong ruộng mình. Khi mọi người đang ngủ, thì kẻ thù của ông đến gieo thêm cỏ lùng vào giữa lúa, rồi đi mất? (Mt 13,24-25)",Nước Trời.,Sự sống đời đời.,Lời Chúa.,Ơn cứu độ.,A,Đáp án đúng theo tài liệu Tin Mừng Mát-thêu.
"Đến ngày mùa, cỏ lùng được gom lại, bó thành bó để làm gì? (Mt 13,30)",Để đốt đi.,Để thiêu huỷ,Để làm củi,Để làm phân bón.,A,Đáp án đúng theo tài liệu Tin Mừng Mát-thêu.
"Nước Trời cũng giống như chuyện gì người nọ lấy gieo trong ruộng mình. Tuy nó là loại nhỏ nhất trong tất cả các hạt giống, nhưng khi lớn lên, thì lại là thứ lớn nhất; nó trở thành cây, đến nỗi chim trời tới làm tổ trên cành được? (Mt 13,31)",Chuyện cây nho,Chuyện hoa huệ ngoài đồng.,Chuyện hạt cải.,Chuyện hạt lúa mỳ.,C,Đáp án đúng theo tài liệu Tin Mừng Mát-thêu.
"Trong dụ ngôn Cỏ Lùng, kẻ gieo hạt giống tốt là ai? (Mt 13,37)",Con Người.,Các Thiên Thần.,Đấng Messia.,Chúa Giêsu.,A,Đáp án đúng theo tài liệu Tin Mừng Mát-thêu.
"Trong dụ ngôn Cỏ Lùng, ruộng là gì? (Mt 13,38)",Con cái thế gian.,Thế gian.,Dân ngoại.,Những người cần đến ơn cứu độ.,B,Đáp án đúng theo tài liệu Tin Mừng Mát-thêu.
"Trong dụ ngôn Cỏ Lùng, hạt giống tốt là ai? (Mt 13,38)",Con cái Thiên Chúa,Các môn đệ của Chúa Giêsu.,Con cái Nước Trời.,,C,Đáp án đúng theo tài liệu Tin Mừng Mát-thêu.
"Trong dụ ngôn Cỏ Lùng, cỏ lùng là ai? (Mt 13,38)",Con cái Ác Thần.,Ma quỉ.,Những người tội lỗi.,Dân ngoại. e. Những Kinh sư.,A,Đáp án đúng theo tài liệu Tin Mừng Mát-thêu.
"Trong dụ ngôn Cỏ Lùng, kẻ thù gieo cỏ lùng là ai? (Mt 13,39)",Ma quỷ.,Các Kinh sư,Các vua chúa trần gian.,Đế quốc Rôma.,A,Đáp án đúng theo tài liệu Tin Mừng Mát-thêu.
"Trong dụ ngôn Cỏ Lùng, mùa gặt là gì? (Mt 13,39)",Ngày phán xét.,Ngày Chúa trở lại.,Ngày tận thế.,Ngày Khai mở Năm thánh.,C,Đáp án đúng theo tài liệu Tin Mừng Mát-thêu.
"Trong dụ ngôn Cỏ Lùng, thợ gặt là ai? (Mt 13,39)",Chúa Thánh Thần.,Là Chúa Giêsu,Các thiên thần.,Mười hai Tông đồ.,C,Đáp án đúng theo tài liệu Tin Mừng Mát-thêu.
"Vào ngày tận thế, Ai sẽ sai các thiên thần của Người tập trung mọi kẻ làm gương mù gương xấu và mọi kẻ làm điều gian ác, mà tống ra khỏi Nước của Người? (Mt 13,40-41)",Con Người.,Đấng Sáng tạo.,Các ngôn sứ.,Chúa Giêsu.,A,Đáp án đúng theo tài liệu Tin Mừng Mát-thêu.
"Vào ngày tận thế, Con Người sẽ sai các thiên thần của Người tập trung ai, mà tống ra khỏi Nước của Người? (Mt 13,40-41)",Mọi kẻ gây cớ vấp phạm cho người khác.,Những kẻ cố chấp không tin vào Lời Đức Giêsu rao giảng.,Mọi kẻ làm gương mù gương xấu và mọi kẻ làm điều gian ác.,Những người đã giết Chúa.,C,Đáp án đúng theo tài liệu Tin Mừng Mát-thêu.
"Vào ngày tận thế, mọi kẻ làm gương mù gương xấu và mọi kẻ làm điều gian ác thì thế nào? (Mt 13,41-42)",Chúng sẽ phải khóc lóc nghiến răng.,Họ sẽ phải bẽ mặt hổ ngươi.,Chúng sẽ bị xét xử nghiêm khắc.,Họ sẽ bị luận phạt đời đời.,A,Đáp án đúng theo tài liệu Tin Mừng Mát-thêu.
"Vào ngày tận thế, người công chính sẽ trở nên thế nào trong Nước của Cha họ? (Mt 13,43)",Chói lọi như mặt trời.,Giống như các vì sao.,Sáng láng như các Thiên Thần.,Trở nên giống Thiên Chúa.,A,Đáp án đúng theo tài liệu Tin Mừng Mát-thêu.
"Nước Trời giống như chuyện kho báu chôn giấu ở đâu? (Mt 13,44)",Trong vườn nho.,Trong Đền Thờ.,Dưới đáy biển.,Trong ruộng.,D,Đáp án đúng theo tài liệu Tin Mừng Mát-thêu.
"Nước Trời lại cũng giống như chuyện ai đi tìm ngọc đẹp? (Mt 13,45)",Một lái buôn,Một thương gia.,Người môn đệ.,Một người ngoại.,B,Đáp án đúng theo tài liệu Tin Mừng Mát-thêu.
"Trong dụ ngôn Chiếc Lưới, đến ngày nào, các thiên thần sẽ xuất hiện và tách biệt kẻ xấu ra khỏi hàng ngũ người công chính, rồi quăng chúng vào lò lửa? (Mt 13,49-50)",Ngày tận thế.,Ngày Cứu Độ.,Ngày Chúa đến.,Ngày cánh chung.,A,Đáp án đúng theo tài liệu Tin Mừng Mát-thêu.
"Tại quê nhà Nadarét, người ta nói Chúa Giêsu là con của ai? (Mt 13,55)",Là con của một người phụ nữ.,Con bác thợ và con bà Maria.,Con của Thánh Giuse và  bà Maria.,Là Con của Thiên Chúa.,B,Đáp án đúng theo tài liệu Tin Mừng Mát-thêu.
"Người ta nói những ai là anh em của Chúa Giêsu? (Mt 13,55)","Các ông Giacôbê, Giôxếp, Simôn và Giuđa.","Các ông Giuse, Giacop, Simon và Gia-cô-bê.","Gia-cô-bê, Simon, Giuse và Levi.","Giu-đa, Gia-cô-bê, Giô-xếp và mấy người phụ nữ.",A,Đáp án đúng theo tài liệu Tin Mừng Mát-thêu.
"Ai nghe danh tiếng Chúa Giêsu, thì nói với những kẻ hầu cận rằng: “Đó chính là ông Gioan Tẩy Giả; ông đã từ cõi chết trỗi dậy, nên mới có quyền năng làm phép lạ.”? (Mt 14,1)",Tiểu vương Hêrôđê.,Vua Hê-rô-đê Cả.,Vua Antipa,Vua Pharaoh.,A,Đáp án đúng theo tài liệu Tin Mừng Mát-thêu.
"Vua Hêrôđê đã bắt trói ông Gioan và tống ngục vì ai? (Mt 14,3)","Bà Sa-lô-mê,","Bà Maria Magdala,",Bà Mattha.,Bà Hêrôđia.,D,Đáp án đúng theo tài liệu Tin Mừng Mát-thêu.
"Vua Hêrôđê đã bắt trói ông Gioan và tống ngục vì câu nói gì? (Mt 14,4)",“Ngài không được phép lấy bà ấy.”,“Ngài không được đến gần bà ấy.”,“Ngài không được giết bà ấy.”,“Ngài không được chém đầu tôi.”,A,Đáp án đúng theo tài liệu Tin Mừng Mát-thêu.
"Ai đã ra lệnh chém đầu ông Gioan Tẩy giả? (Mt 14,10)",Vua Pharaoh.,Vua Hêrôđê.,"Philato,",Hoàng đế Augusto.,B,Đáp án đúng theo tài liệu Tin Mừng Mát-thêu.
"Trong lần hoá bánh ra nhiều lần thứ nhất, Chúa Giêsu dùng bao nhiêu cái bánh và bao nhiêu con cá? (Mt 14,17)",Năm cái bánh và hai con cá.,Năm cái bánh và năm con cá.,Hai cái bánh và năm con cá,Hai cái bánh và hai con cá.,A,Đáp án đúng theo tài liệu Tin Mừng Mát-thêu.
"Trong lần hoá bánh ra nhiều lần thứ nhất, sau khi ăn uống no nê, người ta thu lại được bao nhiêu giỏ đầy? (Mt 14,20)",Ba giỏi đầy,Bảy giỏi đầy,Mười giỏi đầy.,Mười hai giỏ đầy.,D,Đáp án đúng theo tài liệu Tin Mừng Mát-thêu.
"Sau khi cho dân chúng ăn uống no nê và giải tán họ, Chúa Giêsu làm gì? (Mt 14,23)",Chúa Giêsu trở về quê hương là Narazeth.,Chúa Giêsu lên núi một mình mà cầu nguyện.,Chúa Giêsu lên thuyền cùng với các môn đệ.,,B,Đáp án đúng theo tài liệu Tin Mừng Mát-thêu.
"Vào khoảng canh mấy, Chúa Giêsu đi trên mặt biển mà đến với các môn đệ? (Mt 14,24)",Canh hai,Canh ba,Canh tư.,Canh năm.,C,Đáp án đúng theo tài liệu Tin Mừng Mát-thêu.
"Ai xin với Chúa Giêsu đi trên mặt nước đến với Ngài? (Mt 14,28)",Ông Gioan,Ông Phêrô.,Ông Anre,Ông Gia-cô-bê.,B,Đáp án đúng theo tài liệu Tin Mừng Mát-thêu.
"Sau khi giải tán dân chúng, qua biển rồi, Chúa Giêsu và các môn đệ lên đất liền, vào đâu? (Mt 14,34)",Vào Ghennêxarét.,Vũng thập Tỉnh.,Miền Galilee,Thành Samari.,A,Đáp án đúng theo tài liệu Tin Mừng Mát-thêu.
"Những ai đến gặp Chúa Giêsu và nói rằng: “Sao môn đệ ông vi phạm truyền thống của tiền nhân, không chịu rửa tay khi dùng bữa?”? (Mt 15,1-2)",Mấy người Pharisêu và mấy kinh sư từ Giêrusalem.,Những người bị quỉ ám.,Các môn đệ ông Gioan Tẩy Giả.,Nhóm những người Hy-lạp.,A,Đáp án đúng theo tài liệu Tin Mừng Mát-thêu.
"Chúa Giêsu nói các ông dựa vào truyền thống của các ông mà vi phạm điều gì? (Mt 15,3)",Giới Luật của loài người.,Điều răn của Thiên Chúa.,Điều Răn của Mô-sê.,Luật của Thần Khí.,B,Đáp án đúng theo tài liệu Tin Mừng Mát-thêu.
"Ngươi hãy thờ cha kính mẹ; kẻ nào nguyền rủa cha mẹ, thì phải bị gì? (Mt 15,5)",Phải bị loại trừ.,Phải bị xử tử.,Phải bị ném đá.,Phải đuổi khỏi thành.,B,Đáp án đúng theo tài liệu Tin Mừng Mát-thêu.
"“Dân này tôn kính Ta bằng môi bằng miệng, còn lòng chúng thì lại xa Ta. Chúng có thờ phượng Ta thì cũng vô ích, vì giáo lý chúng giảng dạy chỉ là giới luật phàm nhân”. Đây là lời ngôn sứ nào? (Mt 15,8-9)",Ngôn sứ Isaia.,Ngôn sứ Khác-gai.,Ngôn sứ Elisha.,Ngôn sứ Giêremia.,A,Đáp án đúng theo tài liệu Tin Mừng Mát-thêu.
"Mù mà lại dắt mù, cả hai sẽ thế nào? (Mt 15,14)",Sẽ bị vấp ngã.,Sẽ lăn cù xuống hố.,Sẽ lao xuống biển.,Sẽ không tìm được lối thoát.,B,Đáp án đúng theo tài liệu Tin Mừng Mát-thêu.
"Những cái gì từ miệng xuất ra, là phát xuất tự lòng, chính những cái ấy mới làm cho con người ra ô uế. Đó là những gì? (Mt 15,18-19)","Những ý định gian tà, ngoại tình, tà dâm.",Tội giết người,"Tội trộm cắp, làm chứng gian và vu khống.",Tất cả những ý trên.,D,Đáp án đúng theo tài liệu Tin Mừng Mát-thêu.
"Chúa Giêsu lui về đâu thì gặp người đàn bà Canaan xin chữa cho con gái mình? (Mt 15,21)",Khi Chúa Giêsu lui về miền Tia và Xiđôn.,"Khi Chúa Giêsu đến thành Giêrusalem,",Khi Chúa đến gần thành Giê-ri-khô.,Khi Chúa Giêsu đi đến Miền Thập Tỉnh.,A,Đáp án đúng theo tài liệu Tin Mừng Mát-thêu.
"Người đàn bà Canaan kêu xin Chúa Giêsu thế nào? (Mt 15,22)","Lạy Đấng Ki-tô, Con Chúa trời hằng sống, xin rủ lòng thương tôi.","Lạy ông Giêsu, xin rủ thương tôi.","Lạy ngài là con vua Đa-vít, xin dủ lòng thương tôi!","Đứa con gái tôi bị quỷ ám khổ sở lắm! e. Chỉ a, d là đúng. f. Chỉ c và d là đúng. g. Tất cả đều đúng.",D,Đáp án đúng theo tài liệu Tin Mừng Mát-thêu.
"Lời Chúa Giêsu trả lời người đàn bà Canaan thế nào? (Mt 15,28)","Này bà, lòng tin của bà mạnh thật. Bà muốn sao thì sẽ được vậy.","Này bà, lòng tin của bà mạnh thật. Bà cứ về đi, con gái bà đã khỏi.","Này bà, lòng tin của bà mạnh thật. Bà xin gì cũng sẽ được.","Này Bà, con gái mà đã khỏi hẳn bệnh.",A,Đáp án đúng theo tài liệu Tin Mừng Mát-thêu.
"Trong lần hoá bánh ra nhiều lần thứ hai, Chúa Giêsu dùng bao nhiêu chiếc bánh? (Mt 15,34)",Ba chiếc bánh.,Bảy chiếc bánh.,Mười hai chiếc bánh,Năm chiếc bánh,B,Đáp án đúng theo tài liệu Tin Mừng Mát-thêu.
"Trong lần hoá bánh ra nhiều lần thứ hai, sau khi ăn uống no nê, người ta thu lại được bao nhiêu thúng đầy? (Mt 15,37)",Năm thúng đầy.,Bảy thúng đầy.,Mười thúng đầy.,Mười hai thúng đầy.,B,Đáp án đúng theo tài liệu Tin Mừng Mát-thêu.
"Trong lần hoá bánh ra nhiều lần thứ hai, sau khi giải tán đám đông, Chúa Giêsu lên thuyền, sang đâu? (Mt 15,39)",Miền Magađan.,Miền thập tỉnh.,Miền Tia và Xi-đôn.,Miền Ghennêrazét.,A,Đáp án đúng theo tài liệu Tin Mừng Mát-thêu.
"Những ai đến gần Chúa Giêsu và xin Ngài một dấu lạ từ trời? (Mt 16,1)",Những người thuộc nhóm Kinh sư.,Các thượng tế và Kinh sư.,Những người thuộc phái Pharisêu và phái Xađốc.,Những người gốc Hy-lạp.,C,Đáp án đúng theo tài liệu Tin Mừng Mát-thêu.
"Chúa Giêsu gọi những người đòi dấu lạ này là gì? (Mt 16,4)",Thế hệ gian ác và ngoại tình.,"Thế hệ gian tà, độc ác.",Những người không có đức tin.,Những người đáng bị nguyền rủa.,A,Đáp án đúng theo tài liệu Tin Mừng Mát-thêu.
"Dấu lạ Chúa Giêsu nói là dấu lạ gì? (Mt 16,4)",Dấu lạ ông Elisha.,Dấu lạ ông Giôna.,Dấu lạ ngôn sứ Elia.,Dấu lạ của Ông Mô-sê.,B,Đáp án đúng theo tài liệu Tin Mừng Mát-thêu.
"Tại đâu, ông Simôn Phêrô thưa: “Thầy là Đấng Kitô, Con Thiên Chúa hằng sống.”? (Mt 16,13.16)",Tại Xêdarê Philípphê.,Tại bờ sông Babylon.,Bên kia sông Gio-đan.,Tại xứ Samari.,A,Đáp án đúng theo tài liệu Tin Mừng Mát-thêu.
"Khi Chúa Giêsu hỏi các môn đệ rằng: “Người ta nói Con Người là ai?” Các môn đệ trả lời thế nào? (Mt 16,13-14)","Ông Gio-an Tẩy giả,",Ông Êlia.,Ông Giêrêmia.,Tất cả đều đúng.,D,Đáp án đúng theo tài liệu Tin Mừng Mát-thêu.
"“Thầy là Đấng Kitô, Con Thiên Chúa hằng sống.” Câu này là của ai? (Mt 16,16)",Ông Simôn Phêrô.,Ông Gio-an Tẩy giả.,"Ông Gioan, người môn đệ Chúa yêu.","Ông Tê-pha-nô, người tử đạo tiên khởi.",A,Đáp án đúng theo tài liệu Tin Mừng Mát-thêu.
"Tại Xêdarê Philípphê, Chúa Giêsu cấm ngặt các môn đệ không được nói cho ai biết Người là ai? (Mt 16,20)",Người là Đấng Cứu Thế.,Người là Đấng Kitô.,Người là Con Thiên Chúa.,Người là Vua dân Do-thái.,B,Đáp án đúng theo tài liệu Tin Mừng Mát-thêu.
"Chúa Giêsu trao quyền cho ai chìa khóa Nước Trời? (Mt 16,19)",Ông Simôn Phêrô.,"Ông Phao-lô, tông đồ dân ngoại.","Ông Gioan, người môn đệ Chúa yêu.",Ông Gia-cô-bê.,A,Đáp án đúng theo tài liệu Tin Mừng Mát-thêu.
"Chúa Giêsu phải đi đâu, chịu nhiều đau khổ do các kỳ mục, các thượng tế và kinh sư gây ra, rồi bị giết chết, và ngày thứ ba sẽ sống lại? (Mt 16,22)",Bê-lem.,Nazareth.,Giêrusalem.,Giu-đê e. Galile,C,Đáp án đúng theo tài liệu Tin Mừng Mát-thêu.
"Chúa Giêsu Kitô lên Giêrusalem, phải chịu nhiều đau khổ do ai gây ra? (Mt 16,22)",Các kỳ mục,Các thượng tế và kinh sư.,Những người tội lỗi.,Những người chống đối Chúa Giêsu. e. Chỉ a và b là đúng. f. Tất cả đều đúng.,D,Đáp án đúng theo tài liệu Tin Mừng Mát-thêu.
"“Xin Thiên Chúa thương đừng để Thầy gặp phải chuyện ấy!” Ai nói câu này với Chúa Giêsu? (Mt 16,22)",Ông Phêrô.,Ông Gia-cô-bê,Ông Giu-đa Ít-ca-ri-ốt.,"Ông Gioan, môn đệ Chúa yêu.",A,Đáp án đúng theo tài liệu Tin Mừng Mát-thêu.
"“Xa-tan, lui lại đàng sau Thầy!” Lời Chúa Giêsu nói với ai? (Mt 16,23)",Ông Gia-cô-bê,Ông Giu-đa Ít-ca-ri-ốt.,"Ông Gioan, môn đệ Chúa yêu.",Ông Phêrô.,D,Đáp án đúng theo tài liệu Tin Mừng Mát-thêu.
"Ai muốn theo Thầy, phải từ bỏ chính mình, vác cái gì mà theo? (Mt 16,24)",Vác thập giá của Chúa.,Vác thập giá mình.,Vác gánh nặng của mình.,Vác lấy tội lỗi của mình.,B,Đáp án đúng theo tài liệu Tin Mừng Mát-thêu.
"Ai muốn cứu mạng sống mình, thì sẽ mất; còn ai liều mất mạng sống mình vì Thầy, thì sẽ thế nào? (Mt 16,25)",Sẽ tìm được mạng sống ấy.,Sẽ tìm được sự sống đời sau.,Sẽ được phần thưởng trên Trời.,Sẽ được Chúa ban thưởng.,A,Đáp án đúng theo tài liệu Tin Mừng Mát-thêu.
"Những môn đệ nào được chứng kiến việc Chúa Giêsu hiển dung? (Mt 17,1)","Ông Phaolô, ông Giacôbê và ông Gioan.","Ông Phêrô, ông Giacôbê và ông Gioan.","Ông Phêrô, ông Giacôbê và ông Giuđa.","Ông Phêrô, ông Giôxếp và ông Gioan.",B,Đáp án đúng theo tài liệu Tin Mừng Mát-thêu.
"Những người đến đàm đạo với Chúa Giêsu là ai? (Mt 17,3)",Ông Môsê và ông Êlia.,Ông Mô-sê và ông Isaia.,Vua Đa-vít và Abraham.,Ông Abraham và Elia.,A,Đáp án đúng theo tài liệu Tin Mừng Mát-thêu.
"“Lạy Ngài, chúng con ở đây, thật là hay! Nếu Ngài muốn, con xin dựng tại đây ba cái lều, một cho Ngài, một cho ông Môsê, và một cho ông Êlia.” Đây là lời của ai? (Mt 17,4)",Lời của ông Mô-sê.,Lời của ông Phêrô.,Lời của ông Gioan Tẩy giả.,Lời của ông Gioan.,B,Đáp án đúng theo tài liệu Tin Mừng Mát-thêu.
"“Đây là Con yêu dấu của Ta, Ta hài lòng về Người. Các ngươi hãy vâng nghe lời Người!” Khi nghe câu này, các môn đệ có thái độ thế nào? (Mt 17,5-6)",Kinh hoàng.,Xôn xao.,Ngạc nhiên.,Vui mừng.,A,Đáp án đúng theo tài liệu Tin Mừng Mát-thêu.
"Hãy hoàn thành câu: “Vậy sao ... ... ... lại nói ông Êlia phải đến trước?” (Mt 17,10)",Các kinh sư.,Các thượng tế.,Các môn đệ.,Dân chúng.,A,Đáp án đúng theo tài liệu Tin Mừng Mát-thêu.
"Trước khi chữa đứa bé bị bệnh động kinh, Chúa Giêsu gọi thế hệ này là gì? (Mt 17,17)",Thế hệ cứng lòng không chịu tin và gian tà!,Thế hệ ăn chơi hưởng thụ.,Thế hệ cứng lòng và gian ác.,Thế hệ được chúc phúc mà không biết hưởng.,A,Đáp án đúng theo tài liệu Tin Mừng Mát-thêu.
"Nếu anh em có lòng tin lớn bằng hạt cải thôi, thì dù anh em có bảo cái gì ‘rời khỏi đây, qua bên kia!’ nó cũng sẽ qua? (Mt 17,20)",Núi kia.,Núi này.,Sóng biển,Mưa đá.,B,Đáp án đúng theo tài liệu Tin Mừng Mát-thêu.
"Khi đang ở đâu, Chúa Giêsu tiên báo cuộc Thương Khó lần thứ hai? (Mt 17,22)",Miền Galilê.,Miền Giu-đê,Miền Samari.,Miền Thập tỉnh.,A,Đáp án đúng theo tài liệu Tin Mừng Mát-thêu.
"Chúa Giêsu bảo ai ra biển thả câu, bắt cá, lấy tiền để nộp thuế cho Đền Thờ? (Mt 17,26-27)",Ông Phêrô.,Ông Mattheu,Ông Giu-đa.,Ông Cai-pha.,A,Đáp án đúng theo tài liệu Tin Mừng Mát-thêu.
"Khi mở miệng con cá câu được, ông Phêrô thấy đồng tiền mấy quan? (Mt 17,27)",Một tiền hai quan.,Một đồng tiền bốn quan.,Hai đồng tiền bốn quan.,Bốn đồng tiền bốn quan.,B,Đáp án đúng theo tài liệu Tin Mừng Mát-thêu.
"Khi các môn đệ hỏi ‘Ai là người lớn nhất trong Nước Trời’, Chúa Giêsu nói : Nếu anh em không trở nên như trẻ nhỏ thì thế nào? (Mt 18,1-3)",Thì sẽ chẳng được vào Nước Trời.,Thì sẽ chẳng được sự sống đời đời.,Thì sẽ bị tống ra khỏi bữa tiệc Nước trời.,Thì sẽ không được Thiên Chúa yêu thương.,A,Đáp án đúng theo tài liệu Tin Mừng Mát-thêu.
"Ai tự hạ, coi mình như em nhỏ này, người ấy sẽ là gì? (Mt 18,4)",Người lớn nhất Nước Trời.,Người nhỏ nhất trong Nước Trời.,Người hạnh phúc nhất Nước Trời.,Người giầu có nhất Nước trời.,A,Đáp án đúng theo tài liệu Tin Mừng Mát-thêu.
"Ai làm cớ cho một trong những kẻ bé mọn đang tin Thầy đây phải sa ngã, thì thế nào? (Mt 18,6)",Thà treo cối đá lớn vào cổ nó mà xô cho chìm xuống đáy biển còn hơn.,Thà đuổi nó ra khỏi Nước Trời mà quăng xuống âm phủ còn hơn.,Thà buộc cối đá vào cổ mà thả xuống biển còn hơn.,Thà tống nó vào tù hoặc trục xuất ra khỏi cộng đoàn còn hơn.,A,Đáp án đúng theo tài liệu Tin Mừng Mát-thêu.
"Nếu tay hoặc chân anh làm cớ cho anh sa ngã, thì hãy chặt mà ném đi; thà cụt tay cụt chân mà được vào cõi sống, còn hơn là có đủ hai tay hai chân mà bị ném vào đâu? (Mt 18,8)",Vào hoả ngục.,Vào lửa đời đời.,Vào âm phủ chịu lửa thiêu đốt.,Vào xào huyệt của bọn cướp.,B,Đáp án đúng theo tài liệu Tin Mừng Mát-thêu.
"Nếu mắt anh làm cớ cho anh sa ngã, thì hãy móc mà ném đi; thà chột mắt mà được vào cõi sống, còn hơn là có đủ hai mắt mà bị ném vào đâu? (Mt 18,9)",Vào lửa hoả ngục.,Vào địa ngục.,Vào nơi ở cuẩ ma quỷ.,Vào cõi âm ty.,A,Đáp án đúng theo tài liệu Tin Mừng Mát-thêu.
"Với những kẻ bé mọn, Chúa Giêsu cho biết ai ở trên trời không ngừng chiêm ngưỡng nhan Cha Thầy, Đấng ngự trên trời? (Mt 18,10)",Các thiên thần bản mệnh.,Các thánh bổn mạng của họ.,Các thiên thần của họ.,Chúa Thánh Thần.,C,Đáp án đúng theo tài liệu Tin Mừng Mát-thêu.
"Nếu người anh em của anh trót phạm tội, thì anh hãy đi sửa lỗi nó, nếu nó không nghe, Hội Thánh nó cũng không nghe, thì hãy kể nó như là ai? (Mt 18,15-17)",Như một người tội lỗi hay một người thu thuế.,Như một người ngoại hay một người thu thuế.,Như một người thu thuế hay một kẻ trộm cướp.,Như một người ngoại hay một người quỷ ám.,B,Đáp án đúng theo tài liệu Tin Mừng Mát-thêu.
"Hãy hoàn thành câu: “Thầy còn bảo thật anh em: nếu ở dưới đất, hai người trong anh em hợp lời cầu xin bất cứ điều gì, thì Cha Thầy, Đấng ngự trên trời, ... ... ... .” (Mt 18,19)",Sẽ ban cho.,Sẽ ban thưởng,Sẽ thưởng công.,Sẽ chúc lành.,A,Đáp án đúng theo tài liệu Tin Mừng Mát-thêu.
"“Ở đâu có hai ba người họp lại nhân danh Thầy, thì thế nào? (Mt 18,20)","Thì có Thầy ở đấy, giữa họ.",Thì có Chúa Cha ở trong họ.,Thì sẽ có Chúa Thánh Thần ở giữa họ.,"Thì sẽ có Thiên Chúa ở đấy, giữa họ.",A,Đáp án đúng theo tài liệu Tin Mừng Mát-thêu.
"Ai hỏi Chúa Giêsu : ‘Thưa Thầy, nếu anh em con cứ xúc phạm đến con, thì con phải tha đến mấy lần?’? (Mt 18,21)",Ông Gioan.,Ông Giu-đa.,Ông An-rê.,Ông Phêrô.,D,Đáp án đúng theo tài liệu Tin Mừng Mát-thêu.
"Chúa Giêsu bảo ông Phêrô phải tha thứ đến bao nhiêu? (Mt 18,22)",Đến bảy mươi lần bảy.,Đến bảy lần bảy,Đến mười bảy lần bảy.,Đến một trăm lần bảy.,A,Đáp án đúng theo tài liệu Tin Mừng Mát-thêu.
"Tên mắc nợ không biết thương xót mắc nợ chủ bao nhiêu? (Mt 18,24)",Một ngàn yến vàng.,Một ngàn yến bạc.,Mười ngàn yến vàng.,Mười ngàn yến bạc.,C,Đáp án đúng theo tài liệu Tin Mừng Mát-thêu.
"Kẻ mắc nợ vua mười ngàn yến vàng có thái độ gì trước mặt tôn chủ? (Mt 18,26)",Sấp mình thờ lạy.,Sấp mình xuống bái lạy.,Bóp cổ tôn chủ và cầu xin.,Quỳ xuống van xin.,B,Đáp án đúng theo tài liệu Tin Mừng Mát-thêu.
"Khi thấy thái độ và lời cầu xin của kẻ mắc nợ vua mười ngàn yến vàng, tôn chủ có thái độ gì cho y về và tha luôn món nợ? (Mt 18,27)",Chạnh lòng thương.,Tha thứ.,Bỏ qua lỗi lầm.,Thương cảm.,A,Đáp án đúng theo tài liệu Tin Mừng Mát-thêu.
"Bạn đồng liêu mắc nợ tên đầy tớ ấy bao nhiêu? (Mt 18,28)",Một trăm quan tiền.,Một quan tiền.,Một trăm đồng bạc.,Ba mươi đồng bạc.,A,Đáp án đúng theo tài liệu Tin Mừng Mát-thêu.
"Tên đầy tớ có hành động gì với bạn đồng liêu? (Mt 18,27-30)","Túm lấy, bóp cổ và tống vào ngục.","Túm tóc, lột quần áo và tống ngục.",Bắt trói và tống ngục.,"Túm cổ, đánh đập và tống ngục.",A,Đáp án đúng theo tài liệu Tin Mừng Mát-thêu.
"Ai đã hỏi Chúa Giêsu : ‘Thưa Thầy, có được phép rẫy vợ mình vì bất cứ lý do nào không?’? (Mt 19,3)",Người Pharisêu.,Người Do-thái,Các môn đệ.,Các Thượng tế.,A,Đáp án đúng theo tài liệu Tin Mừng Mát-thêu.
"Hãy hoàn thành câu: “Thuở ban đầu, Đấng Tạo Hoá đã làm ra con người có nam có nữ. Vì thế, người ta sẽ lìa cha mẹ mà gắn bó với vợ mình, và ... ... ... .” (Mt 19,4-5)",Cả hai sẽ nên vợ chồng theo bí tích.,Cả hai sẽ thành một xương một thịt.,"Tuy hai là một, tuy một mà là hai.",Hai bên sẽ không tách lìa được.,B,Đáp án đúng theo tài liệu Tin Mừng Mát-thêu.
"Hãy hoàn thành câu: “Sự gì Thiên Chúa đã phối hợp, ... ... ... .” (Mt 19,6)",Loài người không được phân ly.,Loài người không được chia cắt.,Loài người không được phá bỏ.,Hai vợ chồng không được ly hôn.,A,Đáp án đúng theo tài liệu Tin Mừng Mát-thêu.
"Vì điều gì ông Môsê cho phép các ông rẫy vợ? (Mt 19,8)",Vì các ông không kính sợ Thiên Chúa.,Vì các ông không tin vào Thiên Chúa.,Vì các ông cứng lòng không chịu tin.,Vì các ông lòng chai dạ đá.,D,Đáp án đúng theo tài liệu Tin Mừng Mát-thêu.
"Cứ để trẻ em đến với Chúa Giêsu, đừng ngăn cấm chúng, vì điều gì là của những ai giống như chúng? (Mt 19,14)",Nước Trời.,Phần Thưởng,Ân Sủng,Hạnh Phúc,A,Đáp án đúng theo tài liệu Tin Mừng Mát-thêu.
"Khi được hỏi phải làm điều tốt gì để được hưởng sự sống đời đời, Chúa Giêsu bảo không được làm gì? (Mt 19,16-18)",Ngươi không được giết người.,Ngươi không được ngoại tình.,Ngươi không được trộm cắp.,Ngươi không được làm chứng gian. e. Tất cả đều đúng. f. Tất cả đều sai.,D,Đáp án đúng theo tài liệu Tin Mừng Mát-thêu.
"Khi được hỏi phải làm điều tốt gì để được hưởng sự sống đời đời, Chúa Giêsu bảo phải làm gì? (Mt 19,16-19)",Người không được thờ kính cha mẹ hơn Ta.,Ngươi phải thờ cha kính mẹ và phải yêu đồng loại như yêu chính mình.,Ngươi phải thảo kính cha mẹ và yêu đồng bào như chính mình.,Người phải thờ cha kính mẹ và phải yêu bản thân hơn người khác.,B,Đáp án đúng theo tài liệu Tin Mừng Mát-thêu.
"Khi được mời gọi bán hết tất cả tài sản và đem cho người nghèo, người thanh niên buồn rầu bỏ đi. Vì sao?(Mt 19,21)",Vì anh ta có nhiều của cải.,Vì anh ta có nhiều ruộng đất.,Vì anh ta không biết Đức Giêsu là ai.,Vì Anh ta không muốn từ bỏ của cải.,A,Đáp án đúng theo tài liệu Tin Mừng Mát-thêu.
"Con gì chui qua lỗ kim còn dễ hơn người giàu vào Nước Thiên Chúa? (Mt 19,24)",Con chiên con.,Con chim bồ câu.,Con lạc đà.,Con bê béo.,C,Đáp án đúng theo tài liệu Tin Mừng Mát-thêu.
"Ai đã hỏi Chúa Giêsu :“Thầy coi, phần chúng con, chúng con đã bỏ mọi sự mà theo Thầy. Vậy chúng con sẽ được gì.”? (Mt 19,27)",Ông Phêrô.,Ông Matheu,Ông Giu-đa,Ông Gioan.,A,Đáp án đúng theo tài liệu Tin Mừng Mát-thêu.
"Ông chủ vườn nho mướn thợ làm trong vườn của mình mỗi ngày được bao nhiêu quan tiền? (Mt 20,2)",Một quan tiền.,Hai quan tiền,Mười quan tiền.,Một đồng bạc.,A,Đáp án đúng theo tài liệu Tin Mừng Mát-thêu.
"Những người vào làm vườn nho cuối cùng vào giờ thứ mấy? (Mt 20,6)",Giờ thứ nhất,Giờ thứ sáu.,Giờ thứ chín,Giờ mười một.,D,Đáp án đúng theo tài liệu Tin Mừng Mát-thêu.
"Khi tiên báo cuộc Thương Khó lần thứ ba, Chúa Giêsu nói Người sẽ bị nộp cho dân ngoại làm gì? (Mt 20,19)","Nhạo báng, đánh đòn và đóng đinh vào thập giá.","Nhạo báng, sỉ nhục và đóng đinh","Bắt trói, chống đối và xét xử.","Khước từ, chống đối và bắt bớ.",A,Đáp án đúng theo tài liệu Tin Mừng Mát-thêu.
"Ai đến xin cùng Chúa Giêsu :“Xin Thầy truyền cho hai con tôi đây, một người ngồi bên hữu, một người bên tả Thầy trong Nước Thầy.”? (Mt 20,21)",Bà mẹ của các con ông Dêbêđê.,Anh em của các con ông Dêbêđê.,Mẹ của ông Gia-cô-bê và Gioan.,Mẹ vợ ông Simon.,A,Đáp án đúng theo tài liệu Tin Mừng Mát-thêu.
"Ai muốn làm lớn giữa anh em, thì phải làm gì?(Mt 20,26)",Làm người lãnh đạo.,Làm hết mọi việc.,Làm người phục vụ anh em.,Làm đầy tớ anh em mình.,C,Đáp án đúng theo tài liệu Tin Mừng Mát-thêu.
"Ai muốn làm đầu anh em thì phải làm gì? (Mt 20,27)",Làm đầy tớ anh em.,Làm người lãnh đạo.,Làm gương cho anh em.,Làm phúc cho anh em.,A,Đáp án đúng theo tài liệu Tin Mừng Mát-thêu.
"Ai đến không phải để được người ta phục vụ, nhưng là để phục vụ và hiến dâng mạng sống làm giá chuộc muôn người? (Mt 20,28)",Đức Giêsu,Đấng Bảo Trợ,Con Người.,Các Thiên Thần.,C,Đáp án đúng theo tài liệu Tin Mừng Mát-thêu.
"“Lạy Ngài, lạy Con vua Đavít, xin dủ lòng thương chúng tôi!” Đây là lời của ai? (Mt 20,30)",Hai người mù tại Giêrikhô.,Một người mù tại Giêrikhô.,Một người bại liệt ở ngoài thành.,Hai người ăn xin tại Giêrikhô.,A,Đáp án đúng theo tài liệu Tin Mừng Mát-thêu.
"Khi tới làng nào, Chúa Giêsu sai hai môn đệ và bảo: “Các anh đi vào làng trước mặt kia, và sẽ thấy ngay một con lừa mẹ đang cột sẵn đó, có con lừa con bên cạnh. Các anh cởi dây ra và dắt về cho Thầy.”? (Mt 21,1-2)",Làng Bếtphaghê.,Làng Bê-lem,Làng Nazareth.,Làng Bêtania.,A,Đáp án đúng theo tài liệu Tin Mừng Mát-thêu.
"Khi Chúa Giêsu vào thành Giêrusalem, dân chúng reo hò vang dậy thế nào? (Mt 21,9)",Hoan hô Con vua Đavít!,Chúc tụng Đấng ngự đến nhân danh Đức Chúa!,Hoan hô trên các tầng trời.,Tất cả đều đúng.,D,Đáp án đúng theo tài liệu Tin Mừng Mát-thêu.
"Khi Chúa Giêsu vào Giêrusalem, cả thành  thế nào? (Mt 21,10)",Vui mừng,Náo động,Hoảng Sợ,Kinh ngạc,B,Đáp án đúng theo tài liệu Tin Mừng Mát-thêu.
"Khi Chúa Giêsu vào Giêrusalem, cả thành náo động, thiên hạ hỏi nhau và dân chúng trả lời thế nào? (Mt 21,10-11)","“Ngôn sứ Giêsu, người Nadarét, xứ Galilê đấy.”","“Ngôn sứ Elia, Con bác thợ mộc, người xứ Galilê đấy.”","“Ông Gioan Tẩy Giả , người Nadarét, xứ Galilê đấy.”","“Ngôn sứ Giêsu, Đấng Ki-tô, Con Thiên Chúa đấy.”",A,Đáp án đúng theo tài liệu Tin Mừng Mát-thêu.
"Khi Chúa Giêsu vào Đền Thờ, Người đã làm gì? (Mt 21,12)","Người buồn rầu không nói gì, lặng lẽ rời khỏi Đền thờ.",Người lấy dây làm roi và xua đuổi hết mọi người ra khỏi Đền Thờ.,"Đuổi tất cả những người đang mua bán trong Đền Thờ, lật bàn của những người đổi bạc và xô ghế của những kẻ bán bồ câu.","Đuổi tất cả những người đang phục vụ trong Đền Thờ, thu gom tiền của những kẻ đổi bạc và xô ghế của những kẻ bán bồ câu.",C,Đáp án đúng theo tài liệu Tin Mừng Mát-thêu.
"Hãy hoàn thành câu: “Nhà Ta sẽ được gọi là nhà cầu nguyện, thế mà các ngươi lại biến thành ... ... .. .” (Mt 21,13)",Sào huyệt của bọn cướp.,Hang ổ của bọn cướp.,Hang ổ của bọ đĩ điếm.,Khu chợ của dân buôn bán.,A,Đáp án đúng theo tài liệu Tin Mừng Mát-thêu.
"Khi nghe lũ trẻ hô : “Hoan hô Con vua Đavít!” thì ai đã tức tối và nói với Người : “Ông có nghe chúng nói gì không?”? (Mt 21,15-16)",Các thượng tế và kinh sư.,Các thượng tế và nhóm Pharisieu,Các môn đệ và dân chúng,Phi-la-tô và lính Rôma.,A,Đáp án đúng theo tài liệu Tin Mừng Mát-thêu.
"Sau khi Chúa Giêsu ra khỏi thành, Người đến làng nào và qua đêm tại đó? (Mt 21,17)",Làng Bêtania.,Làng Belem.,Làng Samari.,Làng Bếtphaghê.,D,Đáp án đúng theo tài liệu Tin Mừng Mát-thêu.
"“Từ nay, không bao giờ mày có trái nữa!” Lời Chúa Giêsu nói về cây gì? (Mt 21,19)",Cây nho.,Cây cải.,Cây vả.,Cây cọ.,C,Đáp án đúng theo tài liệu Tin Mừng Mát-thêu.
"Khi nghe lời “Từ nay, không bao giờ mày có trái nữa!”, cây vả thế nào? (Mt 21,19)",Cây vả xanh tốt hơn.,Cây vả chết khô ngay lập tức.,Cây vả liền đâm chồi nảy lộc.,Cây vả rụng hết lá.,B,Đáp án đúng theo tài liệu Tin Mừng Mát-thêu.
"Tất cả những gì anh em lấy lòng tin mà xin khi cầu nguyện, thì thế nào? (Mt 21,22)",Anh em sẽ được.,Anh em sẽ nhận lãnh.,Anh em sẽ được thưởng công.,Anh em sẽ được chúc phúc.,A,Đáp án đúng theo tài liệu Tin Mừng Mát-thêu.
"Khi thấy Chúa Giêsu giảng dạy trong Đền Thờ, ai đã hỏi Người : “Ông lấy quyền nào mà làm các điều ấy? Ai đã cho ông quyền ấy?”? (Mt 21,23)",Các kinh sư và người Pharisieu.,Các thượng tế và kỳ mục.,Dân chúng vây quanh,Những người chống đối Đức Giêsu.,B,Đáp án đúng theo tài liệu Tin Mừng Mát-thêu.
"Trong dụ ngôn Hai Người Con, người con thứ nhất trả lời không đi, nhưng rồi lại đi. Vì sao? (Mt 21,28-30)",Vì nó hối hận.,Vì nó thích đi làm.,Vì nó sợ bị đánh đòn.,Vì thương người Cha.,A,Đáp án đúng theo tài liệu Tin Mừng Mát-thêu.
"Trong Dụ ngôn Hai Người Con, Chúa Giêsu bảo ai sẽ vào Nước Thiên Chúa trước các ông? (Mt 21,31)",Những người thu thuế và những cô gái điếm.,Những người tội lỗi và bị loài trừ.,Những người phong cùi và bại liệt.,Những người nghèo khổ.,A,Đáp án đúng theo tài liệu Tin Mừng Mát-thêu.
"Ai đã đến chỉ đường công chính cho các ông, mà các ông không tin ông ấy; còn những người thu thuế và những cô gái điếm lại tin? (Mt 21,32)",Ông Gioan.,Ông Elia,Ông Mô-sê,Các Thiên Thần.,A,Đáp án đúng theo tài liệu Tin Mừng Mát-thêu.
"“Có gia chủ kia trồng được một vườn nho; chung quanh vườn, ông rào giậu; trong vườn, ông khoét bồn đạp nho, và xây một tháp canh.” Đây là dụ ngôn gì? (Mt 21,33...)",Dụ ngôn Người Cha nhân hậu,Dụ ngôn Cây Vả.,Dụ ngôn Những Tá Điền Sát Nhân.,Dụ ngôn Con Chiên lạc.,C,Đáp án đúng theo tài liệu Tin Mừng Mát-thêu.
"Gần đến mùa gì, ông chủ sai đầy tớ đến gặp các tá điền để thu hoa lợi? (Mt 21,34)",Mùa gặt.,Mùa hái nho.,Mùa cắt lông chiên.,Mùa Đông.,B,Đáp án đúng theo tài liệu Tin Mừng Mát-thêu.
"Với các đầy tớ đến thu hoa lợi, bọn tá điền đã làm gì? (Mt 21,35)","Đánh người này, giết người kia, ném đá người nọ.",Giả vờ không biết rồi đuổi đi.,Nộp hoa lợi đúng với thoả thuận.,Xin gia hạn để nộp sau.,A,Đáp án đúng theo tài liệu Tin Mừng Mát-thêu.
"Khi người con trai gia chủ đến, bọn tá điền đã giết và đoạt lấy điều gì của nó? (Mt 21,37-38)",Gia tài.,Vườn nho.,Lấy mạng sống.,Lấy áo choàng.,A,Đáp án đúng theo tài liệu Tin Mừng Mát-thêu.
"Với những tá điền sát nhân, ông chủ sẽ làm gì bọn chúng? (Mt 21,41)",Tru diệt bọn chúng.,Tống cổ chúng khỏi vườn nho.,Bắt trói và tống ngục.,Đốt vườn nho không thuê ai nữa.,A,Đáp án đúng theo tài liệu Tin Mừng Mát-thêu.
"Khi nghe Chúa Giêsu kể dụ ngôn Những Tá Điền Sát Nhân, những ai hiểu là Ngài nói về họ?  (Mt 21,45)",Các môn đệ.,Người Do-thái,Các thượng tế và người Pharisêu.,Những người tội lỗi.,C,Đáp án đúng theo tài liệu Tin Mừng Mát-thêu.
"Trong dụ ngôn Tiệc Cưới, các quan khách được mời lấy lý do gì mà không tham dự? (Mt 22,5-7)","Kẻ thì đi thăm trại, người thì đi buôn,",Bắt các đầy tớ của vua mà sỉ nhục và giết chết.,Đi làm vườn nho.,Đi lên Đền Thờ dâng lễ vật. e. Chỉ a và b là đúng. f. Chỉ c và d là đúng.,D,Đáp án đúng theo tài liệu Tin Mừng Mát-thêu.
"Với những khách không thèm đếm xỉa tới lời mời, nhà vua đối xử thế nào với chúng? (Mt 22,5-7)",Tru diệt bọn sát nhân ấy và thiêu huỷ thành phố của chúng.,Cho lính đến bắt và đốt thành phố của chúng.,Không tổ chức tiệc cưới nữa.,Cắt chức và không bao giờ mời họ nữa.,A,Đáp án đúng theo tài liệu Tin Mừng Mát-thêu.
"Những ai đến với Chúa Giêsu và hỏi: “Có được phép nộp thuế cho Xê-da hay không?” (Mt 22,15-17)",Những người Pharisêu và những người phe Hêrôđê.,Những người thu thuế Đền Thờ.,Các môn đệ ông Gioan.,Nhóm Xa-đốc.,A,Đáp án đúng theo tài liệu Tin Mừng Mát-thêu.
"Chúa Giêsu gọi những kẻ gài bẫy Người là gì? (Mt 22,18)",Những người tội lỗi.,Những kẻ giả hình.,Những người đạo đức giả.,Những người khôn ngoan.,B,Đáp án đúng theo tài liệu Tin Mừng Mát-thêu.
"Hãy hoàn thành câu: “Của Xê-da, trả về Xê-da; của Thiên Chúa, ... ... ... .” (Mt 22,21)",Trả về Thiên Chúa.,Trả về chủ của.,Chia cho người nghèo khó.,Trả về nơi sản xuất.,A,Đáp án đúng theo tài liệu Tin Mừng Mát-thêu.
"Nhóm nào chủ trương không có sự sống lại? (Mt 22,23)",Nhóm Xađốc.,Nhóm Kinh Sư,Nhóm Pharisieu,Nhóm Hê-rô-đê.,A,Đáp án đúng theo tài liệu Tin Mừng Mát-thêu.
"“Nếu ai chết mà không có con, thì anh hay em của người ấy phải cưới lấy người vợ goá, để sinh con nối dòng cho anh hay em mình.” Ai đã nói câu này? (Mt 22,24)",Ông Môsê.,Ông Abraham,Vua Đa-vít,Ông Gioan Tẩy giả.,A,Đáp án đúng theo tài liệu Tin Mừng Mát-thêu.
"“Thưa Thầy, trong sách Luật Môsê, điều răn nào là điều răn trọng nhất?” Ai đã hỏi Chúa Giêsu câu này? (Mt 22,36)",Một người thông luật.,Một vị Thượng tế.,Một ông trưởng Hội đường.,Một môn đệ của Chúa Giêsu.,A,Đáp án đúng theo tài liệu Tin Mừng Mát-thêu.
"Ngươi phải yêu mến Đức Chúa, Thiên Chúa của ngươi, thế nào? (Mt 22,37)","Hết tâm hồn, hết trí khôn và hết những gì mình có.",Hết mọi ngày trong suốt đời ngươi.,"Hết lòng, hết linh hồn và hết trí khôn ngươi.",Yêu Chúa hơn yêu cha mẹ và bản thân mình.,C,Đáp án đúng theo tài liệu Tin Mừng Mát-thêu.
"Còn điều răn thứ hai, cũng giống điều răn ấy, là gì? (Mt 22,39)",Ngươi phải yêu người thân cận như chính mình.,Yêu người thân cận như chính anh chị em ruột mình.,Yêu người thân cận như yêu Chúa.,Chỉ yêu những người mình thích.,A,Đáp án đúng theo tài liệu Tin Mừng Mát-thêu.
"Chúa Giêsu đã hỏi ai : “Các ông nghĩ sao về Đấng Kitô? Người là con của ai?”? (Mt 22,41- 42)",Các môn đệ.,Ông Simon Phê-rô.,Những người Pharisêu.,Hỏi các Kinh sư.,C,Đáp án đúng theo tài liệu Tin Mừng Mát-thêu.
"Chúa Giêsu nói: Ai ngồi trên toà ông Môsê mà giảng dạy. Tất cả những gì họ nói, anh em hãy làm, hãy giữ, còn những việc họ làm, thì đừng có làm theo, vì họ nói mà không làm? (Mt 23,2-3)",Dân ngoại,Thủ lãnh Do-thái,Các vua chúa trần gian,Các kinh sư và các người Pharisêu.,D,Đáp án đúng theo tài liệu Tin Mừng Mát-thêu.
"Các kinh sư và các người Pharisêu giả hình, họ thường làn gì? (Mt 23,5-6)",Đeo những hộp kinh thật lớn.,Mang những tua áo thật dài.,Ưa ngồi cỗ nhất trong đám tiệc.,Chiếm hàng ghế đầu trong hội đường. e. Tấ cả đều đúng. f. Tất cả đều sai.,D,Đáp án đúng theo tài liệu Tin Mừng Mát-thêu.
"Chúa Giêsu nói: Trong anh em, người làm lớn hơn cả, phải làm gì? (Mt 23,11)",Người phục vụ anh em.,Người lãnh đạo anh em.,Người giảng dạy anh em.,Người đầy tớ anh em.,A,Đáp án đúng theo tài liệu Tin Mừng Mát-thêu.
"Hãy hoàn thành câu: “Ai tôn mình lên, sẽ bị hạ xuống; còn ai hạ mình xuống, sẽ được ... ... ... .” (Mt 23,12)",Nâng lên,Ban thưởng,Tôn lên.,Thiên Chúa nâng lên.,C,Đáp án đúng theo tài liệu Tin Mừng Mát-thêu.
"Chúa Giêsu khiển trách ai khi nói : “Khốn cho các người ... ”?. (Mt 23,13)",Các kinh sư và người Pharisêu.,Các thượng tế và Xa-đốc.,Các người giả hình.,Các người tội lỗi. e. Các người cứng lòng tin.,A,Đáp án đúng theo tài liệu Tin Mừng Mát-thêu.
"Máu của ai đã bị các ông giết chết giữa đền thánh và bàn thờ? (Mt 23,35)",Ông Dacaria.,Ông Abel.,Ông Stephano,Ông Gióp.,A,Đáp án đúng theo tài liệu Tin Mừng Mát-thêu.
"Ông Dacaria, người đã bị giết chết giữa đền thánh và bàn thờ, là con của ai? (Mt 23,35)",Con ông Gát.,Con ông Nathan.,Con ông Berécgia.,Con ông Bô-át.,C,Đáp án đúng theo tài liệu Tin Mừng Mát-thêu.
"Khi các môn đệ chỉ cho Chúa Giêsu xem kiến trúc Đền Thờ, Chúa Giêsu nói: Tại đây, sẽ không còn tảng đá nào trên tảng đá nào; tất cả thế nào? (Mt 24,1-2)",Đều sẽ bị phá đổ.,Đều bị thiêu huỷ.,Sẽ được phục hồi.,Đều bị xô xuống biển.,A,Đáp án đúng theo tài liệu Tin Mừng Mát-thêu.
"Khi Chúa Giêsu ngồi ở đâu, các môn đệ hỏi Người: “Xin Thầy nói cho chúng con biết khi nào những sự việc ấy xảy ra, và cứ điềm nào mà biết ngày Thầy quang lâm và ngày tận thế?”? (Mt 24,3)",Ngồi trên núi Ôliu.,Ngồi ở Đền Thờ.,Ngồi trên thuyền.,Ngồi ở nhà.,A,Đáp án đúng theo tài liệu Tin Mừng Mát-thêu.
"Khi anh em thấy đặt trong nơi thánh Đồ Ghê Tởm Khốc Hại mà ngôn sứ nào đã nói đến người đọc hãy lo mà hiểu? (Mt 24,15)",Ngôn sứ Đanien.,Ngôn sứ Elia.,Ngôn sứ Isaia,Ngôn sứ Giô-na.,A,Đáp án đúng theo tài liệu Tin Mừng Mát-thêu.
"Ngay sau những ngày gian nan ấy, thì điều gì sẽ xảy ra? (Mt 24,29)","Mặt trời sẽ ra tối tăm, mặt trăng không còn chiếu sáng,",Các ngôi sao từ trời sa xuống.,Các quyền lực trên trời bị lay chuyển.,Tất cả những điều trên đều xảy ra. e. Không điều nào kể trên sẽ xảy ra.,D,Đáp án đúng theo tài liệu Tin Mừng Mát-thêu.
"Mọi chi tộc trên mặt đất sẽ làm gì và sẽ thấy Con Người rất uy nghi vinh hiển ngự giá mây trời mà đến? (Mt 24,30)",Đấm ngực.,Vỗ ngực,Cúi đầu,Bái phục.,A,Đáp án đúng theo tài liệu Tin Mừng Mát-thêu.
"“Khi cành nó xanh tươi và đâm chồi nảy lộc, thì anh em biết là mùa hè đã đến gần”. Chúa Giêsu nói về cây gì? (Mt 24,32)",Cây nho.,Cây Ôliu.,Cây vả.,Cây sự sống.,C,Đáp án đúng theo tài liệu Tin Mừng Mát-thêu.
"Trời đất sẽ qua đi, nhưng những lời Thầy nói sẽ thế nào? (Mt 24,35)",Chẳng qua đâu.,Chẳng mất đi.,Chẳng tồn tại.,Sẽ nên ứng nghiệm.,A,Đáp án đúng theo tài liệu Tin Mừng Mát-thêu.
"Chúa Giêsu ví vào thời của ai thì ngày Con Người quang lâm cũng sẽ như vậy? (Mt 24,37)",Thời ông Gióp,Thời ông Nôê.,Thời ông Abraham.,Thời ông Mô-sê.,B,Đáp án đúng theo tài liệu Tin Mừng Mát-thêu.
"Thời ông Nôê, thiên hạ mãi làm gì cho tới khi ông vào tàu? (Mt 24,37-38)","Thiên hạ vẫn ăn uống, cưới vợ lấy chồng.",Thiên hạ vẫn đi vào con đường tội lỗi.,"Thiên hạ vẫn cứng lòng tin, không nhận ra Thiên Chúa.",Thiên hạ chạy theo các thần ngoại.,A,Đáp án đúng theo tài liệu Tin Mừng Mát-thêu.
"Chúa Giêsu cảnh báo anh em hãy làm gì vì anh em không biết ngày nào Chúa của anh em đến? (Mt 24,42)",Hãy canh thức.,Hãy cầu nguyện.,Hãy ăn chay và cầu nguyện.,,A,Đáp án đúng theo tài liệu Tin Mừng Mát-thêu.
"Có bao nhiêu trinh nữ cầm đèn ra đón chú rể? (Mt 25,1)",Mười.,Mười hai.,Năm.,Đông không đếm xuể.,A,Đáp án đúng theo tài liệu Tin Mừng Mát-thêu.
"Năm cô dại cầm đèn mà không mang gì theo? (Mt 25,3)",Thùng,Chai,Dầu.,Nến,C,Đáp án đúng theo tài liệu Tin Mừng Mát-thêu.
"Chú rể đến vào lúc nào? (Mt 25,6)",Nửa đêm.,Chập tối,Rạng sáng,Chính ngọ.,A,Đáp án đúng theo tài liệu Tin Mừng Mát-thêu.
"Khi chú rể đến, những ai được đi theo chú rể vào dự tiệc cưới? (Mt 25,10)",Các cô khôn.,Các cô dại.,Các phụ nữ theo Chúa Giêsu.,Không ai được theo.,A,Đáp án đúng theo tài liệu Tin Mừng Mát-thêu.
"Trong Dụ ngôn Những Yến Bạc, người lãnh được bao nhiêu yến sinh lợi được 5 yến khác? (Mt 25,16)",Mười yến.,Năm yến.,Hai yến.,Một yến.,B,Đáp án đúng theo tài liệu Tin Mừng Mát-thêu.
"Người lãnh 5 yến làm gì để lợi được 5 yến khác? (Mt 25,16)",Đi làm ăn buôn bán.,Gửi ngân hàng,Cho vay lãi.,Chia cho người nghèo.,A,Đáp án đúng theo tài liệu Tin Mừng Mát-thêu.
"Người lãnh một yến thì làm gì? (Mt 25,18)",Tìm cách giấu đi.,Không làm gì để sinh lời.,Đào lỗ chôn giấu số bạc của chủ.,Giấu dưới gầm giường.,C,Đáp án đúng theo tài liệu Tin Mừng Mát-thêu.
"Với người đầy tớ lãnh 5 yến bạc, ông chủ khen như thế nào? (Mt 25,21)",Tài giỏi và trung thành.,Khôn ngoan và trung tín.,Thông minh và lanh lợi.,Tài kinh doanh buôn bán.,A,Đáp án đúng theo tài liệu Tin Mừng Mát-thêu.
"Người đầy tớ lãnh 1 yến bạc nghĩ chủ mình là người thế nào? (Mt 25,24)","Người hà khắc, gặt chỗ không gieo, thu nơi không vãi.",Người hà tiện và tính toán hơn thiệt.,Người hào phóng.,Người đáng sợ.,A,Đáp án đúng theo tài liệu Tin Mừng Mát-thêu.
"Ông chủ gọi người đầy tớ lãnh một yến bạc là gì? (Mt 25,26)",Đầy tớ ngu dốt và biếng nhác.,Đầy tớ lười biếng và vô dụng.,Đầy tớ tồi tệ và biếng nhác.,Đầy tớ hiểu ý chủ.,C,Đáp án đúng theo tài liệu Tin Mừng Mát-thêu.
"Số phận của tên đầy tớ vô dụng kia sẽ thế nào? (Mt 25,30)","Hãy quăng nó ra chỗ tối tăm bên ngoài : ở đó, sẽ phải khóc lóc nghiến răng.",Bị tước đi số bạc và bị đuổi ra khỏi nhà.,Bị tống ngục và không còn cơ hội thoát ra ngoài.,Bị mọi người chế giễu và khinh thường.,A,Đáp án đúng theo tài liệu Tin Mừng Mát-thêu.
"“Nào những kẻ Cha Ta chúc phúc, hãy đến thừa hưởng Vương Quốc dọn sẵn cho các ngươi ngay từ thuở tạo thiên lập địa.” Đây là lời Đức Vua nói với người đứng bên phải hay bên trái?  (Mt 25,34)",Bên phải.,Bên trái,,,A,Đáp án đúng theo tài liệu Tin Mừng Mát-thêu.
"Những kẻ được chúc phúc, vì xưa họ đã làm gì cho Chúa? (Mt 25,35-36)","Đã cho ăn, đã cho uống,",Đã tiếp rước và cho mặc.,"Đã thăm viếng, đến hỏi han.",Tất cả đều đúng.,D,Đáp án đúng theo tài liệu Tin Mừng Mát-thêu.
"Đức Vua nói ‘mỗi lần các ngươi làm như thế cho ai là làm cho chính Ta vậy’?(Mt 25,40)",Những anh em bé nhỏ nhất.,Những anh em bạn hữu của Thầy.,Những môn đệ của Thầy.,Những người Thầy sau đến với anh em.,A,Đáp án đúng theo tài liệu Tin Mừng Mát-thêu.
"Những người bên trái sẽ vào đâu nơi dành sẵn cho tên Ác Quỷ và các sứ thần của nó? (Mt 25,41)",Hoả ngục.,Lửa đời đời.,Tối tăm vực thẳm.,Biển chết.,B,Đáp án đúng theo tài liệu Tin Mừng Mát-thêu.
"Những người bên trái ra đi để chịu cực hình muôn kiếp, còn những người công chính ra đi để làm gì? (Mt 25,46)",Hưởng sự sống muôn đời.,Hưởng vinh quang Nước Trời.,Để hầu hạ Thiên Chúa.,,A,Đáp án đúng theo tài liệu Tin Mừng Mát-thêu.
"Những ai nhóm họp tại dinh của vị thượng tế tên là Caipha, và cùng nhau quyết định dùng mưu bắt Đức Giêsu và giết đi? (Mt 26,3-4)",Các kỳ mục và Kinh sư,Các thượng tế và kỳ mục.,Lính canh Đền Thờ.,Quân lính Rôma.,B,Đáp án đúng theo tài liệu Tin Mừng Mát-thêu.
"Các thượng tế và kỳ mục nhóm họp tại dinh của ai, và cùng nhau quyết định dùng mưu bắt Đức Giêsu và giết đi? (Mt 26,3-4)",Dinh thượng tế tên là Caipha.,Tổng trấn Philatô,Dinh của vua Hêrôđê,Dinh của hoàng đế Xê-ra.,A,Đáp án đúng theo tài liệu Tin Mừng Mát-thêu.
"Chúa Giêsu được người phụ nữ xức dầu thơm tại đâu? (Mt 26,6)",Tại Giêrusalem,Tại Hội Đường,Tại Đền Thờ.,Tại Bêtania.,D,Đáp án đúng theo tài liệu Tin Mừng Mát-thêu.
"Tại nhà của ai, Chúa Giêsu được người phụ nữ xức dầu thơm? (Mt 26,6)","Nhà ông Larazô, Matha và Maria.",Nhà ông Simon Cùi.,Nhà của Ông Phê-rô,Nhà của ông Giakêu.,B,Đáp án đúng theo tài liệu Tin Mừng Mát-thêu.
"Ai đi gặp các thượng tế mà nói : “Tôi nộp ông ấy cho quý vị, thì quý vị muốn cho tôi bao nhiêu.” ? (Mt 26,14-15)",Ông Giuđa Ítcariốt.,Các Kinh Sư,Một Thượng tế.,Ông Philato.,A,Đáp án đúng theo tài liệu Tin Mừng Mát-thêu.
"Các thượng tế hứa cho Giuđa bao nhiêu để hắn nộp Chúa Giêsu cho họ? (Mt 26,15)",Hai mươi đồng bạc,Ba mươi đồng bạc.,Bốn mươi đồng bạc.,Hai trăm đồng bạc,B,Đáp án đúng theo tài liệu Tin Mừng Mát-thêu.
"Ngày thứ nhất trong tuần gì các môn đệ đến thưa với Đức Giêsu: “Thầy muốn chúng con dọn cho Thầy ăn lễ Vượt Qua ở đâu?” ? (Mt 26, 17)",Tuần bánh không men.,Tuần Lễ Lều,Tuần Thánh.,Tuần Bát Nhật Phục Sinh.,A,Đáp án đúng theo tài liệu Tin Mừng Mát-thêu.
"Trong bữa tiệc, ai đã nói với Chúa Giêsu “Ráp-bi, chẳng lẽ con sao?”? (Mt 26,25)",Ông Simon,Ông Gioan,Giuđa.,Ông Matheu.,C,Đáp án đúng theo tài liệu Tin Mừng Mát-thêu.
"Hãy hoàn thành câu: “Đã hẳn Con Người ra đi theo như lời đã chép về Người, nhưng khốn cho kẻ nào nộp Con Người: thà ... ... ... .”  (Mt 26,24)",Nó đừng bán Thầy thì hơn.,Nó chết yểu còn hơn.,Nó theo Thầy thì hơn.,Nó đừng sinh ra thì hơn!,D,Đáp án đúng theo tài liệu Tin Mừng Mát-thêu.
"Hãy hoàn thành câu: “Tất cả anh em hãy uống chén này, vì đây là máu Thầy, máu Giao Ước, đổ ra  ... ... ... .” (Mt 26,27-28)",Cho muôn người được tha tội.,Cho mọi người được sống.,Cho muôn dân được ơn Cứu độ.,Cho loài người nhận biết Thiên Chúa.,A,Đáp án đúng theo tài liệu Tin Mừng Mát-thêu.
"Hát Thánh Vịnh xong, Chúa Giêsu và các môn đệ ra đâu? (Mt 26,30)",Núi Ô-liu.,Núi Tabor,Vườn cây dầu.,Bờ biển hồ.,A,Đáp án đúng theo tài liệu Tin Mừng Mát-thêu.
"“Dầu tất cả có vấp ngã vì Thầy đi nữa, thì con đây cũng chẳng bao giờ vấp ngã.” Đây là lời của ai? (Mt 26,33)",Ông Phêrô.,Ông Gioan,Ông Gia-cô-bê,Ông Giu-đa.,A,Đáp án đúng theo tài liệu Tin Mừng Mát-thêu.
"“Thầy bảo thật anh: nội đêm nay, gà chưa kịp gáy, thì anh đã chối Thầy ba lần.” Đây là lời Chúa Giêsu nói với ai? (Mt 26,34)",Ông Phêrô.,Ông Giu-đa,Ông Cai-pha,Ông Philatô.,A,Đáp án đúng theo tài liệu Tin Mừng Mát-thêu.
"Chúa Giêsu tiên báo, ông Phêrô sẽ chối Thầy bao nhiêu lần ? (Mt 26,35)",Một lần,Hai lần,Ba lần.,Bảy lần.,C,Đáp án đúng theo tài liệu Tin Mừng Mát-thêu.
"“Dầu có phải chết với Thầy, con cũng không chối Thầy.” Đây là lời của ai?(Mt 26,35)",Ông Gioan,Ông Phêrô.,Ông Gia-cô-bê,Ông Giu-đa.,B,Đáp án đúng theo tài liệu Tin Mừng Mát-thêu.
"Tại vườn Ghếtsêmani, Chúa Giêsu đưa ai đi riêng cầu nguyện với Ngài? (Mt 26,37)",Ông Phêrô và hai người con ông Dêbêđê.,"Ông Phê-rô, Gioan và Giu-đa.","Phê-rô, Simon và An-rê.","Elia, Mô-sê và Phê-rô.",A,Đáp án đúng theo tài liệu Tin Mừng Mát-thêu.
"“Tâm hồn Thầy buồn đến chết được. Anh em ở lại đây mà canh thức với Thầy.” Đây là lời Chúa Giêsu nói với ai? (Mt 26,38)","Ông Phê-rô, Gioan và Giu-đa.",Ông Phêrô và hai người con ông Dêbêđê.,"Phê-rô, Simon và An-rê.","Elia, Mô-sê và Phê-rô.",B,Đáp án đúng theo tài liệu Tin Mừng Mát-thêu.
"Hãy hoàn thành câu: “Lạy Cha, nếu có thể được, xin cho con khỏi phải uống chén này. Tuy vậy, xin đừng theo ý con, mà ... ... ... .” (Mt 26,39)",Xin theo ý Cha.,Thực hiện theo ý Thiên Chúa.,Xin theo Thần Khí hướng dẫn.,Xin cho ý Cha được thể hiện.,A,Đáp án đúng theo tài liệu Tin Mừng Mát-thêu.
"“Thế ra anh em không thể canh thức nổi với Thầy một giờ sao?” Đây là lời Chúa Giêsu nói với ai? (Mt 26,40)",Ông Gioan,Ông Gia-cô-bê,Ông Phêrô.,Ông Giu-đa.,C,Đáp án đúng theo tài liệu Tin Mừng Mát-thêu.
"Hãy hoàn thành câu: “Lạy Cha, nếu con cứ phải uống chén này mà không sao tránh khỏi, thì ... ... ... .” (Mt 26,42)",Thực hiện theo ý Thiên Chúa.,Xin vâng ý Cha.,Xin theo Thần Khí hướng dẫn.,Xin cho ý Cha được thể hiện.,B,Đáp án đúng theo tài liệu Tin Mừng Mát-thêu.
"Ai đã hôn Chúa Giêsu làm dấu hiệu cho người ta bắt Người? (Mt 26,48-49)",Ông Giuđa.,Ông Phao-lô,Ông Gioan,Ông Phê-rô,A,Đáp án đúng theo tài liệu Tin Mừng Mát-thêu.
"Sau khi bắt Chúa Giêsu, họ điệu Người đến với ai đầu tiên? (Mt 26,57)",Philato,Vua Hê-rô-đê,Thượng tế Caipha.,Ông Đi-cô-ni-mô.,C,Đáp án đúng theo tài liệu Tin Mừng Mát-thêu.
"“Nhân danh Thiên Chúa hằng sống, tôi truyền cho ông phải nói cho chúng tôi biết: ông có phải là Đấng Kitô Con Thiên Chúa không?” Đây là lời của ai? (Mt 26,63)",Thượng tế Caipha.,Phê-rô,Philato,Giu-đa.,A,Đáp án đúng theo tài liệu Tin Mừng Mát-thêu.
"Khi nghe Chúa Giêsu nói: “Chính ngài vừa nói. Hơn nữa, tôi nói cho các ông hay: từ nay, các ông sẽ thấy Con Người ngự bên hữu Đấng Toàn Năng và ngự giá mây trời mà đến.” Vị thượng tế có hành động gì? (Mt 26,64)",Liền xé áo mình ra.,Cởi áo choàng ra.,Vứt gậy đang cầm trên tay xuống đất.,Vỗ ngực và la lớn.,A,Đáp án đúng theo tài liệu Tin Mừng Mát-thêu.
"Sau khi tuyên bố “Hắn nói phạm thương” họ đã làm gì Người? (Mt 26,67)",Họ khạc nhổ vào mặt và đấm đánh Người. Có kẻ lại tát Người.,Họ sỉ nhục và đánh đòn Người.,"Họ ra tấn, hỏi cung và bắt vác thánh giá.",Họ trao nộp cho Philato xét xử.,A,Đáp án đúng theo tài liệu Tin Mừng Mát-thêu.
"“Cả bác nữa, bác cũng đã ở với ông Giêsu, người Galilê đó chứ gì? Đây là lời của ai nói với ông Phêrô? (Mt 26,69)",Một người đầy tớ gái.,Một người lính.,Một tên đầy tớ.,Một người ăn mày.,A,Đáp án đúng theo tài liệu Tin Mừng Mát-thêu.
"“Bác này cũng đã ở với ông Giêsu người Nadarét đấy”. Đây là lời người đầy tớ nói về ai? (Mt 26,71)",Ông Phêrô.,Giu-đa,Gioan,An-rê.,A,Đáp án đúng theo tài liệu Tin Mừng Mát-thêu.
"Sao khi xét  xử Chúa Giêsu, các thượng tế và kỳ mục trói Người và giải đi nộp cho ai? (Mt 27,1-2)",Tổng trấn Philatô.,Hoàng đế Xê-ra.,Vua Hê-rô-đê,Ông Trưởng Hội Đường,A,Đáp án đúng theo tài liệu Tin Mừng Mát-thêu.
"Sau khi nộp người vô tội, Giuđa đã làm gì với số bạc đã nhận? (Mt 27,5)",Ông ném số bạc vào Đền Thờ và ra đi thắt cổ.,Đem về quê mua ruộng đất.,Chia cho người nghèo.,Đầu tư làm ăn để sinh lời.,A,Đáp án đúng theo tài liệu Tin Mừng Mát-thêu.
"“Họ đã lượm lấy ba mươi đồng bạc, tức là cái giá mà một số con cái Ítraen đã đặt khi đánh giá Người.” Đây là lời ngôn sứ nào? (Mt 27,9)",Ngôn sứ Giêrêmia.,Ngôn sứ Elia,Ngôn sứ Isaia,Ngôn sứ Daniel.,A,Đáp án đúng theo tài liệu Tin Mừng Mát-thêu.
"“Ông là vua dân Do-thái sao?” Đây là lời của ai hỏi Chúa Giêsu? (Mt 27,11)",Tổng trấn Philatô.,Vua Hê-rô-đê,Thượng tế Cai-pha,Lính Rôma.,A,Đáp án đúng theo tài liệu Tin Mừng Mát-thêu.
"Người tù khét tiếng được dân chúng xin tha tên là gì? (Mt 27,21)",Baraba.,Esau,Giu-đa,Timôthê,A,Đáp án đúng theo tài liệu Tin Mừng Mát-thêu.
"Trước khi điệu Chúa Giêsu đi đóng đinh vào thập giá bọn lính làm gì Người? (Mt 27,30-31)",Chúng khạc nhổ vào Người.,Lấy cây sậy mà đập vào đầu Người.,"Chúng chế giễu chán, chúng lột áo choàng ra, và cho Người mặc áo lại như trước.",Tất cả đều đúng.,D,Đáp án đúng theo tài liệu Tin Mừng Mát-thêu.
"Người vác đỡ thập giá Chúa Giêsu tên là gì? (Mt 27,32)",Simôn.,Phê-rô,Gioan,Gia-cô-bê.,A,Đáp án đúng theo tài liệu Tin Mừng Mát-thêu.
"Ông Simôn, người vác đỡ thập giá Chúa Giêsu ở đâu? (Mt 27,32)",Kyrênê.,Phinixi,Samari,Canaan,A,Đáp án đúng theo tài liệu Tin Mừng Mát-thêu.
"“Hắn cứu được thiên hạ, mà chẳng cứu nổi mình. Hắn là Vua Ítraen! Hắn cứ xuống khỏi thập giá ngay bây giờ đi, chúng ta tin hắn liền!” Đây là lời của ai chế giễu Chúa Giêsu? (Mt 27,41-42)","Các thượng tế,","Kinh sư,",Kỳ mục.,Tất cả đều đúng.,D,Đáp án đúng theo tài liệu Tin Mừng Mát-thêu.
"Vào giờ thứ mấy, Đức Giêsu kêu lớn tiếng: “Ê-li, Ê-li, lê-ma xa-bác-tha-ni”? (Mt 27,46)",Giờ thứ sáu.,Giờ thứ chín.,Giờ thứ mười.,Giờ thứ mười một.,B,Đáp án đúng theo tài liệu Tin Mừng Mát-thêu.
"Khi nghe Chúa Giêsu kêu lớn tiếng: “Ê-li, Ê-li, lê-ma xa-bác-tha-ni”, nghĩa là “Lạy Thiên Chúa, lạy Thiên Chúa của con, sao Ngài bỏ rơi con?” người ta nghĩ Chúa Giêsu gọi ai? (Mt 27,46-48)",Ông Êlia.,Ông Mô-sê.,Ông Elisha.,Ông Abraham.,A,Đáp án đúng theo tài liệu Tin Mừng Mát-thêu.
"Khi Chúa Giêsu trút linh hồn, điều gì đã xảy ra? (Mt 27,50-52)",Bức màn trướng trong Đền Thờ xé ra làm hai từ trên xuống dưới.,Đất rung đá vỡ.,"Mồ mả bật tung, và xác của nhiều vị thánh đã an nghỉ được trỗi dậy.",Tất cả đều đúng.,D,Đáp án đúng theo tài liệu Tin Mừng Mát-thêu.
"“Quả thật ông này là Con Thiên Chúa.” Đây là lời của ai? (Mt 27,54)",Viên đại đội trưởng.,Philato,Tên lính Rôma,Tên trộm lành.,A,Đáp án đúng theo tài liệu Tin Mừng Mát-thêu.
"Mẹ các ông Giacôbê và Giôxếp đứng dưới chân thập giá tên là gì? (Mt 27,56)",Sharah,Bà Maria.,Salômê,Anna.,B,Đáp án đúng theo tài liệu Tin Mừng Mát-thêu.
"Người đến gặp ông Philatô để xin thi hài Chúa Giêsu tên là gì? (Mt 27,57-58)",Đi-cô-ni-mô,Ông Simon,Giôxếp.,Ông Narazô,C,Đáp án đúng theo tài liệu Tin Mừng Mát-thêu.
"Khi ngày thứ nhất ló rạng, ai đã đi ra viếng mộ Chúa Giêsu? (Mt 28,1)",Bà Maria Mácđala.,Bà Matha,Bà Anna,Bà Verônica.,A,Đáp án đúng theo tài liệu Tin Mừng Mát-thêu.
"Ai đã lăn tảng đá ngăn mộ Chúa Giêsu? (Mt 28,2)",Lính canh mộ,Người làm vườn,Thiên thần Chúa.,Các bà phụ nữ.,C,Đáp án đúng theo tài liệu Tin Mừng Mát-thêu.
"Khi thấy thiên thần Chúa, các lính canh có thái độ gì? (Mt 28,4)",Vui mừng và tạ ơn.,Kinh hãi và chạy trốn.,"Khiếp sợ, run rẩy chết ngất đi.",Không nhận ra vì cứng tin.,C,Đáp án đúng theo tài liệu Tin Mừng Mát-thêu.
"Thiên thần Chúa nói với các bà, các môn đệ sẽ được thấy Chúa Giêsu tại đâu? (Mt 28,5-7)",Tại Galilê.,Tại Bê-ta-ni-a,Tại Giêrusalem.,Tại Nazareth.,A,Đáp án đúng theo tài liệu Tin Mừng Mát-thêu.
"Có bao nhiêu môn đệ đi tới miền Galilê, đến ngọn núi Đức Giêsu đã truyền cho các ông đến? (Mt 28,16)",Mười hai môn đệ,Mười một môn đệ.,Bảy môn đệ.,Ba môn đệ.,B,Đáp án đúng theo tài liệu Tin Mừng Mát-thêu.
"Hãy hoàn thành câu: “Vậy anh em hãy đi và làm cho muôn dân trở thành môn đệ, làm phép rửa cho họ nhân danh Chúa Cha, Chúa Con và Chúa Thánh Thần, dạy bảo họ tuân giữ mọi điều Thầy đã truyền cho anh em. Và đây, ... ... ... .”(Mt 28,19-20)",Thầy ở cùng anh em mọi ngày cho đến tận thế.,Thầy sẽ ra đi mãi mãi,Thầy sẽ không còn gặp lại anh em nữa.,Anh em hãy làm chứng về Thầy.,A,Đáp án đúng theo tài liệu Tin Mừng Mát-thêu.
